Date,Open,High,Low,Close,Volume,Dividends,Stock Splits,company_id,source,pulled_at
2020-01-02 00:00:00-05:00,19.632894873085956,19.639161500689596,19.20677375793457,19.20677375793457,322200,0.0,0.0,smartcentres,yfinance,2026-07-14T18:50:27.103795
2020-01-03 00:00:00-05:00,19.256913784026096,19.60157127757556,19.162916720417158,19.5263729095459,447000,0.0,0.0,smartcentres,yfinance,2026-07-14T18:50:27.103795
2020-01-06 00:00:00-05:00,19.54516806443857,19.601566527985714,19.363439416289502,19.47623634338379,207600,0.0,0.0,smartcentres,yfinance,2026-07-14T18:50:27.103795
2020-01-07 00:00:00-05:00,19.488765790138594,19.545164242657815,19.39476876768555,19.520097732543945,233000,0.0,0.0,smartcentres,yfinance,2026-07-14T18:50:27.103795
2020-01-08 00:00:00-05:00,19.563966755462804,19.664230425049453,19.41357125108283,19.47623634338379,572200,0.0,0.0,smartcentres,yfinance,2026-07-14T18:50:27.103795
2020-01-09 00:00:00-05:00,19.532638477807815,19.632902166237578,19.495039893456017,19.5451717376709,172300,0.0,0.0,smartcentres,yfinance,2026-07-14T18:50:27.103795
2020-01-10 00:00:00-05:00,19.57649993695309,19.67676360615041,19.495036153944227,19.620365142822266,249500,0.0,0.0,smartcentres,yfinance,2026-07-14T18:50:27.103795
2020-01-13 00:00:00-05:00,19.639172405590102,19.7833013347922,19.507575543316868,19.745702743530273,664500,0.0,0.0,smartcentres,yfinance,2026-07-14T18:50:27.103795
2020-01-14 00:00:00-05:00,19.770768072625668,19.795834596958727,19.689304259018556,19.745702743530273,241200,0.0,0.0,smartcentres,yfinance,2026-07-14T18:50:27.103795
2020-01-15 00:00:00-05:00,19.764487184323517,20.040211564991765,19.764487184323517,20.015146255493164,468200,0.0,0.0,smartcentres,yfinance,2026-07-14T18:50:27.103795
2020-01-16 00:00:00-05:00,20.04647900277577,20.32220458984375,19.983813933637123,20.32220458984375,317800,0.0,0.0,smartcentres,yfinance,2026-07-14T18:50:27.103795
2020-01-17 00:00:00-05:00,20.322213997515078,20.34728051486918,20.102887946853357,20.259550094604492,248500,0.0,0.0,smartcentres,yfinance,2026-07-14T18:50:27.103795
2020-01-20 00:00:00-05:00,20.203150138881252,20.303413810443775,20.15301710786275,20.228214263916016,175700,0.0,0.0,smartcentres,yfinance,2026-07-14T18:50:27.103795
2020-01-21 00:00:00-05:00,20.17181000801916,20.20940977048831,20.052747679244217,20.153011322021484,406300,0.0,0.0,smartcentres,yfinance,2026-07-14T18:50:27.103795
2020-01-22 00:00:00-05:00,20.17807954936457,20.359808164403432,20.16554629414044,20.278343200683594,226000,0.0,0.0,smartcentres,yfinance,2026-07-14T18:50:27.103795
2020-01-23 00:00:00-05:00,20.31594617293922,20.34728051486918,20.153018591086894,20.259550094604492,250100,0.0,0.0,smartcentres,yfinance,2026-07-14T18:50:27.103795
2020-01-24 00:00:00-05:00,20.265808428474017,20.32220687752392,20.11541176751633,20.159276962280273,162200,0.0,0.0,smartcentres,yfinance,2026-07-14T18:50:27.103795
2020-01-27 00:00:00-05:00,19.332100492110047,20.065279058431134,19.25063554294282,20.008880615234375,382200,0.0,0.0,smartcentres,yfinance,2026-07-14T18:50:27.103795
2020-01-28 00:00:00-05:00,20.0464801673499,20.0966119865258,19.9336832753949,20.002614974975586,215200,0.0,0.0,smartcentres,yfinance,2026-07-14T18:50:27.103795
2020-01-29 00:00:00-05:00,20.00888739378746,20.102885627784374,19.952488931484194,20.033952713012695,271700,0.0,0.0,smartcentres,yfinance,2026-07-14T18:50:27.103795
2020-01-30 00:00:00-05:00,20.03017596940945,20.118332230392706,19.97980147785728,19.992395401000977,194800,0.154,0.0,smartcentres,yfinance,2026-07-14T18:50:27.103795
2020-01-31 00:00:00-05:00,20.0238767069847,20.080548153596858,19.753114596642977,19.778301239013672,372100,0.0,0.0,smartcentres,yfinance,2026-07-14T18:50:27.103795
2020-02-03 00:00:00-05:00,19.828675915799465,20.036470821705034,19.772004468641356,19.954612731933594,393500,0.0,0.0,smartcentres,yfinance,2026-07-14T18:50:27.103795
2020-02-04 00:00:00-05:00,19.992395324419796,20.011286209062977,19.828677927246716,19.86016273498535,191200,0.0,0.0,smartcentres,yfinance,2026-07-14T18:50:27.103795
2020-02-05 00:00:00-05:00,19.834975584487267,19.967208178559645,19.803491976666983,19.879053115844727,197700,0.0,0.0,smartcentres,yfinance,2026-07-14T18:50:27.103795
2020-02-06 00:00:00-05:00,19.929423383133194,20.067954110622736,19.87904890068856,20.03017234802246,224200,0.0,0.0,smartcentres,yfinance,2026-07-14T18:50:27.103795
2020-02-07 00:00:00-05:00,20.049069818764877,20.244272053288718,20.004992282266848,20.15611457824707,252700,0.0,0.0,smartcentres,yfinance,2026-07-14T18:50:27.103795
2020-02-10 00:00:00-05:00,20.14981731725898,20.250566307763457,20.12462946912151,20.14352035522461,306600,0.0,0.0,smartcentres,yfinance,2026-07-14T18:50:27.103795
2020-02-11 00:00:00-05:00,20.118331909179688,20.21278272818154,20.04906653401788,20.118331909179688,245100,0.0,0.0,smartcentres,yfinance,2026-07-14T18:50:27.103795
2020-02-12 00:00:00-05:00,20.118328193857927,20.18759355622826,19.960907789214353,20.18129539489746,522700,0.0,0.0,smartcentres,yfinance,2026-07-14T18:50:27.103795
2020-02-13 00:00:00-05:00,20.250559830456044,20.250559830456044,19.860157917380114,19.916828155517578,479200,0.0,0.0,smartcentres,yfinance,2026-07-14T18:50:27.103795
2020-02-14 00:00:00-05:00,19.89163212946762,19.979787126105332,19.696431265046222,19.79718017578125,326600,0.0,0.0,smartcentres,yfinance,2026-07-14T18:50:27.103795
2020-02-18 00:00:00-05:00,19.822382272363434,19.95461607153716,19.80349258749768,19.834976196289062,392500,0.0,0.0,smartcentres,yfinance,2026-07-14T18:50:27.103795
2020-02-19 00:00:00-05:00,19.8097805106591,19.879045863822395,19.715328520632376,19.727922439575195,439700,0.0,0.0,smartcentres,yfinance,2026-07-14T18:50:27.103795
2020-02-20 00:00:00-05:00,19.727925449808865,19.759409050947703,19.61458256407321,19.66495704650879,260700,0.0,0.0,smartcentres,yfinance,2026-07-14T18:50:27.103795
2020-02-21 00:00:00-05:00,19.658668350962643,19.95461961058993,19.65237138788303,19.822385787963867,1195600,0.0,0.0,smartcentres,yfinance,2026-07-14T18:50:27.103795
2020-02-24 00:00:00-05:00,19.87275548861356,19.88534941172901,19.639773916090753,19.652366638183594,823700,0.0,0.0,smartcentres,yfinance,2026-07-14T18:50:27.103795
2020-02-25 00:00:00-05:00,19.89793351152781,19.89793351152781,19.394187644805143,19.45085906982422,654400,0.0,0.0,smartcentres,yfinance,2026-07-14T18:50:27.103795
2020-02-26 00:00:00-05:00,19.425673675341837,19.63346851331701,19.19898796081543,19.19898796081543,883400,0.0,0.0,smartcentres,yfinance,2026-07-14T18:50:27.103795
2020-02-27 00:00:00-05:00,19.04963961562001,19.15722898927401,18.57498082722642,18.954708099365234,435900,0.154,0.0,smartcentres,yfinance,2026-07-14T18:50:27.103795
2020-02-28 00:00:00-05:00,18.606619119728336,18.739524171438646,18.018042191695642,18.214235305786133,1275700,0.0,0.0,smartcentres,yfinance,2026-07-14T18:50:27.103795
2020-03-02 00:00:00-05:00,18.195246494435292,18.828124633372173,18.163603070336148,18.777494430541992,664400,0.0,0.0,smartcentres,yfinance,2026-07-14T18:50:27.103795
2020-03-03 00:00:00-05:00,18.9483782819493,19.07495322864581,18.587637812828767,18.650924682617188,706900,0.0,0.0,smartcentres,yfinance,2026-07-14T18:50:27.103795
2020-03-04 00:00:00-05:00,18.828121223860034,19.2015193547851,18.80913444856724,19.1951904296875,676100,0.0,0.0,smartcentres,yfinance,2026-07-14T18:50:27.103795
2020-03-05 00:00:00-05:00,18.999006271362305,19.188869272674925,18.897745843046305,18.999006271362305,421700,0.0,0.0,smartcentres,yfinance,2026-07-14T18:50:27.103795
2020-03-06 00:00:00-05:00,18.71421170627047,18.847116781009387,18.372458041592505,18.555992126464844,759400,0.0,0.0,smartcentres,yfinance,2026-07-14T18:50:27.103795
2020-03-09 00:00:00-04:00,17.423136769839918,18.30916598244394,17.321876357377707,17.347190856933594,1201300,0.0,0.0,smartcentres,yfinance,2026-07-14T18:50:27.103795
2020-03-10 00:00:00-04:00,17.87247612205507,17.885133972859194,17.005433862996934,17.340858459472656,1922500,0.0,0.0,smartcentres,yfinance,2026-07-14T18:50:27.103795
2020-03-11 00:00:00-04:00,17.087719687866063,17.511748335812722,16.834568526506853,16.904184341430664,1135700,0.0,0.0,smartcentres,yfinance,2026-07-14T18:50:27.103795
2020-03-12 00:00:00-04:00,16.771273333436305,16.815574617027025,15.056173885170152,15.239707946777344,1284100,0.0,0.0,smartcentres,yfinance,2026-07-14T18:50:27.103795
2020-03-13 00:00:00-04:00,15.790315717038748,16.011822179477942,14.878970531861475,15.885247230529785,1531500,0.0,0.0,smartcentres,yfinance,2026-07-14T18:50:27.103795
2020-03-16 00:00:00-04:00,11.64495904697481,13.52460813945211,11.64495904697481,12.727181434631348,1592000,0.0,0.0,smartcentres,yfinance,2026-07-14T18:50:27.103795
2020-03-17 00:00:00-04:00,12.75249373135448,12.815781784057618,11.904436963642366,12.657562255859375,1377800,0.0,0.0,smartcentres,yfinance,2026-07-14T18:50:27.103795
2020-03-18 00:00:00-04:00,10.062766080142897,12.404416587506338,9.227366805076503,10.347561836242676,1403800,0.0,0.0,smartcentres,yfinance,2026-07-14T18:50:27.103795
2020-03-19 00:00:00-04:00,10.44249081107378,11.227259672627419,9.942517032746576,10.689312934875488,875700,0.0,0.0,smartcentres,yfinance,2026-07-14T18:50:27.103795
2020-03-20 00:00:00-04:00,11.379147274993606,12.189231629624272,10.986763552197473,11.056379318237305,2206000,0.0,0.0,smartcentres,yfinance,2026-07-14T18:50:27.103795
2020-03-23 00:00:00-04:00,11.012077145832352,11.012077145832352,9.493170161427718,9.543800354003906,1357800,0.0,0.0,smartcentres,yfinance,2026-07-14T18:50:27.103795
2020-03-24 00:00:00-04:00,10.208325676410093,10.638683081026517,9.999476505037675,10.334901809692383,1333300,0.0,0.0,smartcentres,yfinance,2026-07-14T18:50:27.103795
2020-03-25 00:00:00-04:00,10.467806047232525,11.91076757616456,10.442490339718937,11.676603317260742,1560000,0.0,0.0,smartcentres,yfinance,2026-07-14T18:50:27.103795
2020-03-26 00:00:00-04:00,11.771538051529484,12.512005800772524,11.739893408413291,12.3411283493042,1035700,0.0,0.0,smartcentres,yfinance,2026-07-14T18:50:27.103795
2020-03-27 00:00:00-04:00,11.96139690464501,12.31580833394254,10.898161409633136,11.948739051818848,1136400,0.0,0.0,smartcentres,yfinance,2026-07-14T18:50:27.103795
2020-03-30 00:00:00-04:00,11.995955173949934,12.21928437912881,11.549297980638437,11.849196434020996,913200,0.154,0.0,smartcentres,yfinance,2026-07-14T18:50:27.103795
2020-03-31 00:00:00-04:00,12.015102445490292,12.71699396577639,11.772631448978867,12.021483421325684,1095100,0.0,0.0,smartcentres,yfinance,2026-07-14T18:50:27.103795
2020-04-01 00:00:00-04:00,11.645012041170116,11.957672492394314,11.00692918959915,11.057975769042969,1271900,0.0,0.0,smartcentres,yfinance,2026-07-14T18:50:27.103795
2020-04-02 00:00:00-04:00,11.006929596265158,11.536538333954317,11.006929596265158,11.485491752624512,958900,0.0,0.0,smartcentres,yfinance,2026-07-14T18:50:27.103795
2020-04-03 00:00:00-04:00,11.504634435863206,11.53015711746987,11.109022526064896,11.459967613220215,855700,0.0,0.0,smartcentres,yfinance,2026-07-14T18:50:27.103795
2020-04-06 00:00:00-04:00,11.983195982429763,12.480899810791016,11.696058222185645,12.480899810791016,1288800,0.0,0.0,smartcentres,yfinance,2026-07-14T18:50:27.103795
2020-04-07 00:00:00-04:00,12.984991912245638,13.399745702484573,12.59576081428986,12.972229957580566,1394300,0.0,0.0,smartcentres,yfinance,2026-07-14T18:50:27.103795
2020-04-08 00:00:00-04:00,13.125370965556353,14.1335423526182,12.978612124596353,14.088876724243164,1789400,0.0,0.0,smartcentres,yfinance,2026-07-14T18:50:27.103795
2020-04-09 00:00:00-04:00,14.439816608248668,15.192754683206976,14.171821720840569,14.797143936157227,1754400,0.0,0.0,smartcentres,yfinance,2026-07-14T18:50:27.103795
2020-04-13 00:00:00-04:00,14.746098082898243,14.969426152649248,13.757068731950312,14.037825584411621,1057000,0.0,0.0,smartcentres,yfinance,2026-07-14T18:50:27.103795
2020-04-14 00:00:00-04:00,14.382385294785601,14.57380962665305,13.910203004359616,14.1718168258667,855600,0.0,0.0,smartcentres,yfinance,2026-07-14T18:50:27.103795
2020-04-15 00:00:00-04:00,13.878308876876194,14.018686735424897,13.610313898158081,13.78897762298584,649500,0.0,0.0,smartcentres,yfinance,2026-07-14T18:50:27.103795
2020-04-16 00:00:00-04:00,13.897442613041806,13.897442613041806,13.272120598490371,13.284882545471191,514000,0.0,0.0,smartcentres,yfinance,2026-07-14T18:50:27.103795
2020-04-17 00:00:00-04:00,13.776209146757843,14.120773260844707,13.514595269584666,13.73154354095459,508300,0.0,0.0,smartcentres,yfinance,2026-07-14T18:50:27.103795
2020-04-20 00:00:00-04:00,13.667739424003246,13.903830695678888,13.195558097698832,13.846403121948242,634900,0.0,0.0,smartcentres,yfinance,2026-07-14T18:50:27.103795
2020-04-21 00:00:00-04:00,13.565644611087858,13.865543180409638,13.176413594931317,13.182794570922852,808000,0.0,0.0,smartcentres,yfinance,2026-07-14T18:50:27.103795
2020-04-22 00:00:00-04:00,13.367836442622245,13.546498865031118,12.838227715966775,12.857369422912598,680700,0.0,0.0,smartcentres,yfinance,2026-07-14T18:50:27.103795
2020-04-23 00:00:00-04:00,12.806323382246083,12.85736996466327,12.404331697841556,12.768038749694824,820100,0.0,0.0,smartcentres,yfinance,2026-07-14T18:50:27.103795
2020-04-24 00:00:00-04:00,12.831846473772693,13.05517449712764,12.531946756044995,12.902034759521484,1815000,0.0,0.0,smartcentres,yfinance,2026-07-14T18:50:27.103795
2020-04-27 00:00:00-04:00,13.023273605485906,13.72516513126343,12.857371883607822,13.699641227722168,610200,0.0,0.0,smartcentres,yfinance,2026-07-14T18:50:27.103795
2020-04-28 00:00:00-04:00,13.878303196029007,14.037823922420145,13.489072234179732,13.916587829589844,448500,0.0,0.0,smartcentres,yfinance,2026-07-14T18:50:27.103795
2020-04-29 00:00:00-04:00,14.195484515624644,14.34971326216733,14.002698888871569,14.137648582458496,709500,0.154,0.0,smartcentres,yfinance,2026-07-14T18:50:27.103795
2020-04-30 00:00:00-04:00,14.137652422386475,14.182635665800017,13.263688062232664,13.70067024230957,1072200,0.0,0.0,smartcentres,yfinance,2026-07-14T18:50:27.103795
2020-05-01 00:00:00-04:00,13.411491104011036,13.482178529380144,12.775295695779269,13.00663948059082,557900,0.0,0.0,smartcentres,yfinance,2026-07-14T18:50:27.103795
2020-05-04 00:00:00-04:00,12.563228414842488,12.974506307105903,12.306180498241071,12.897391319274902,879700,0.0,0.0,smartcentres,yfinance,2026-07-14T18:50:27.103795
2020-05-05 00:00:00-04:00,13.00021147002349,13.24440792855622,12.691753946751746,12.762442588806152,456200,0.0,0.0,smartcentres,yfinance,2026-07-14T18:50:27.103795
2020-05-06 00:00:00-04:00,12.852411226678935,13.045196904798539,12.505395535221908,12.653199195861816,504600,0.0,0.0,smartcentres,yfinance,2026-07-14T18:50:27.103795
2020-05-07 00:00:00-04:00,12.7303116868741,12.987359640220872,12.569656562819702,12.69818115234375,540500,0.0,0.0,smartcentres,yfinance,2026-07-14T18:50:27.103795
2020-05-08 00:00:00-04:00,12.788152000975295,13.135167775890144,12.775299292489171,12.968086242675781,1251700,0.0,0.0,smartcentres,yfinance,2026-07-14T18:50:27.103795
2020-05-11 00:00:00-04:00,12.942374063154254,13.013062697190506,12.370442317082333,12.531097412109375,620000,0.0,0.0,smartcentres,yfinance,2026-07-14T18:50:27.103795
2020-05-12 00:00:00-04:00,12.486113323544108,12.582506128795814,12.010574422028146,12.222639083862305,1105200,0.0,0.0,smartcentres,yfinance,2026-07-14T18:50:27.103795
2020-05-13 00:00:00-04:00,12.229067557551634,12.229067557551634,11.695692635138363,11.88847827911377,931700,0.0,0.0,smartcentres,yfinance,2026-07-14T18:50:27.103795
2020-05-14 00:00:00-04:00,11.631431263197491,12.428280533924987,11.39366113954188,12.338314056396484,872100,0.0,0.0,smartcentres,yfinance,2026-07-14T18:50:27.103795
2020-05-15 00:00:00-04:00,12.164801941194394,12.4025707553661,12.016999572849725,12.106966018676758,632000,0.0,0.0,smartcentres,yfinance,2026-07-14T18:50:27.103795
2020-05-19 00:00:00-04:00,12.498966672417199,12.730309171874612,12.428278039574083,12.640342712402344,587800,0.0,0.0,smartcentres,yfinance,2026-07-14T18:50:27.103795
2020-05-20 00:00:00-04:00,12.74959203492162,12.794575278102764,12.370445805678475,12.653199195861816,548100,0.0,0.0,smartcentres,yfinance,2026-07-14T18:50:27.103795
2020-05-21 00:00:00-04:00,12.794572506918248,13.192997707958767,12.627491050075527,12.839555740356445,530200,0.0,0.0,smartcentres,yfinance,2026-07-14T18:50:27.103795
2020-05-22 00:00:00-04:00,12.884543786902675,13.10303491010805,12.486119662729326,12.717463493347168,289300,0.0,0.0,smartcentres,yfinance,2026-07-14T18:50:27.103795
2020-05-25 00:00:00-04:00,12.852401546893296,13.192990629138157,12.723877041144151,13.135154724121094,345200,0.0,0.0,smartcentres,yfinance,2026-07-14T18:50:27.103795
2020-05-26 00:00:00-04:00,13.405061119742378,13.46289705027577,13.160864696223372,13.347225189208984,572200,0.0,0.0,smartcentres,yfinance,2026-07-14T18:50:27.103795
2020-05-27 00:00:00-04:00,13.514313240432747,13.610706096570446,12.980938129055701,13.50788688659668,703300,0.0,0.0,smartcentres,yfinance,2026-07-14T18:50:27.103795
2020-05-28 00:00:00-04:00,13.652886905260527,13.652886905260527,13.257995047270292,13.452204704284668,603200,0.154,0.0,smartcentres,yfinance,2026-07-14T18:50:27.103795
2020-05-29 00:00:00-04:00,13.393943474856995,13.393943474856995,12.914894907920104,13.011999130249023,847300,0.0,0.0,smartcentres,yfinance,2026-07-14T18:50:27.103795
2020-06-01 00:00:00-04:00,12.999056245249085,13.510473893344518,12.999056245249085,13.342159271240234,314600,0.0,0.0,smartcentres,yfinance,2026-07-14T18:50:27.103795
2020-06-02 00:00:00-04:00,13.400417088551665,13.568730413307964,13.24504885305065,13.380995750427246,472700,0.0,0.0,smartcentres,yfinance,2026-07-14T18:50:27.103795
2020-06-03 00:00:00-04:00,13.510474323565104,13.924786492862562,13.452211520414192,13.775893211364746,713500,0.0,0.0,smartcentres,yfinance,2026-07-14T18:50:27.103795
2020-06-04 00:00:00-04:00,13.814731935881229,14.53330554277091,13.510471651082067,14.371464729309082,740400,0.0,0.0,smartcentres,yfinance,2026-07-14T18:50:27.103795
2020-06-05 00:00:00-04:00,15.148306787330457,15.37488427624578,14.928203082069626,14.967045783996582,726500,0.0,0.0,smartcentres,yfinance,2026-07-14T18:50:27.103795
2020-06-08 00:00:00-04:00,15.135353324881338,15.607929469609552,15.122406997362859,15.601455688476562,1016400,0.0,0.0,smartcentres,yfinance,2026-07-14T18:50:27.103795
2020-06-09 00:00:00-04:00,15.43961210765659,15.446085887633688,14.92819460219137,15.05766773223877,808800,0.0,0.0,smartcentres,yfinance,2026-07-14T18:50:27.103795
2020-06-10 00:00:00-04:00,15.109465465822971,15.161254500810234,14.229050636291504,14.229050636291504,1264800,0.0,0.0,smartcentres,yfinance,2026-07-14T18:50:27.103795
2020-06-11 00:00:00-04:00,13.918313460500634,13.957154919777318,13.426317115587628,13.814735412597656,784300,0.0,0.0,smartcentres,yfinance,2026-07-14T18:50:27.103795
2020-06-12 00:00:00-04:00,14.067204681409214,14.339097325859145,13.78236570893599,14.028363227844238,340400,0.0,0.0,smartcentres,yfinance,2026-07-14T18:50:27.103795
2020-06-15 00:00:00-04:00,13.885945431118865,14.397361875315967,13.510474708313552,14.15136432647705,315600,0.0,0.0,smartcentres,yfinance,2026-07-14T18:50:27.103795
2020-06-16 00:00:00-04:00,14.623934750620986,14.721038983431425,14.034834338857367,14.319674491882324,382500,0.0,0.0,smartcentres,yfinance,2026-07-14T18:50:27.103795
2020-06-17 00:00:00-04:00,14.339092743601535,14.352040302234801,14.047780082835922,14.106042861938477,341000,0.0,0.0,smartcentres,yfinance,2026-07-14T18:50:27.103795
2020-06-18 00:00:00-04:00,13.911834715398204,14.093096851940684,13.795309144388558,13.937729835510254,392400,0.0,0.0,smartcentres,yfinance,2026-07-14T18:50:27.103795
2020-06-19 00:00:00-04:00,13.989518469406306,14.080148917896635,13.380996745156486,13.43925952911377,1462200,0.0,0.0,smartcentres,yfinance,2026-07-14T18:50:27.103795
2020-06-22 00:00:00-04:00,13.439266940258488,13.562266355857702,13.21916324276429,13.478108406066895,660900,0.0,0.0,smartcentres,yfinance,2026-07-14T18:50:27.103795
2020-06-23 00:00:00-04:00,13.57520947667705,13.821208249683217,13.393948522617396,13.788839340209961,661800,0.0,0.0,smartcentres,yfinance,2026-07-14T18:50:27.103795
2020-06-24 00:00:00-04:00,13.782365543950254,13.788838090510646,13.329210730375806,13.678786277770996,517200,0.0,0.0,smartcentres,yfinance,2026-07-14T18:50:27.103795
2020-06-25 00:00:00-04:00,13.426319373406374,13.665844421178743,13.335688874937446,13.478108406066895,522900,0.0,0.0,smartcentres,yfinance,2026-07-14T18:50:27.103795
2020-06-26 00:00:00-04:00,13.471631202649021,13.54931534929239,13.238581232214155,13.342159271240234,315000,0.0,0.0,smartcentres,yfinance,2026-07-14T18:50:27.103795
2020-06-29 00:00:00-04:00,13.357813408628202,13.599141645053342,13.142575249240739,13.305634498596191,293900,0.154,0.0,smartcentres,yfinance,2026-07-14T18:50:27.103795
2020-06-30 00:00:00-04:00,13.338241136785975,13.664359489821887,13.194748265262787,13.638269424438477,537300,0.0,0.0,smartcentres,yfinance,2026-07-14T18:50:27.103795
2020-07-02 00:00:00-04:00,13.873076145752426,14.153538150830709,13.573046590072325,14.042657852172852,397900,0.0,0.0,smartcentres,yfinance,2026-07-14T18:50:27.103795
2020-07-03 00:00:00-04:00,14.003522719932123,14.0687466444174,13.78176212310791,13.78176212310791,144500,0.0,0.0,smartcentres,yfinance,2026-07-14T18:50:27.103795
2020-07-06 00:00:00-04:00,14.062226816524404,14.062226816524404,13.605661745909483,13.762198448181152,643200,0.0,0.0,smartcentres,yfinance,2026-07-14T18:50:27.103795
2020-07-07 00:00:00-04:00,13.651325656035693,13.670891977081753,13.357818399906707,13.403474807739258,263200,0.0,0.0,smartcentres,yfinance,2026-07-14T18:50:27.103795
2020-07-08 00:00:00-04:00,13.403467632075749,13.494781642898909,13.201274543901512,13.370856285095215,310300,0.0,0.0,smartcentres,yfinance,2026-07-14T18:50:27.103795
2020-07-09 00:00:00-04:00,13.305633480524783,13.325201036805844,12.907769788489222,13.162141799926758,470000,0.0,0.0,smartcentres,yfinance,2026-07-14T18:50:27.103795
2020-07-10 00:00:00-04:00,13.090395603760282,13.403469046363163,13.090395603760282,13.33824634552002,259900,0.0,0.0,smartcentres,yfinance,2026-07-14T18:50:27.103795
2020-07-13 00:00:00-04:00,13.344762516460177,13.592613163425623,13.273017324164115,13.429553985595703,261200,0.0,0.0,smartcentres,yfinance,2026-07-14T18:50:27.103795
2020-07-14 00:00:00-04:00,13.37085309587298,13.475210874171,13.109958650127929,13.194748878479004,383700,0.0,0.0,smartcentres,yfinance,2026-07-14T18:50:27.103795
2020-07-15 00:00:00-04:00,13.331720552513014,13.638271400937636,13.292585448766319,13.533913612365723,545500,0.0,0.0,smartcentres,yfinance,2026-07-14T18:50:27.103795
2020-07-16 00:00:00-04:00,13.501302276881091,13.566524961739777,13.338243076648435,13.44912338256836,404500,0.0,0.0,smartcentres,yfinance,2026-07-14T18:50:27.103795
2020-07-17 00:00:00-04:00,13.520871988379522,13.527394507315922,13.357812747099373,13.396947860717773,206000,0.0,0.0,smartcentres,yfinance,2026-07-14T18:50:27.103795
2020-07-20 00:00:00-04:00,13.370855472649174,13.436079406690222,13.227363812993321,13.246930122375488,303200,0.0,0.0,smartcentres,yfinance,2026-07-14T18:50:27.103795
2020-07-21 00:00:00-04:00,13.331716915014141,13.462163493115787,13.142567697309206,13.220836639404297,377400,0.0,0.0,smartcentres,yfinance,2026-07-14T18:50:27.103795
2020-07-22 00:00:00-04:00,13.207802181928626,13.442607952145762,13.155623260107442,13.344771385192871,425200,0.0,0.0,smartcentres,yfinance,2026-07-14T18:50:27.103795
2020-07-23 00:00:00-04:00,13.383896465624401,13.383896465624401,13.096911988954055,13.123002052307129,505600,0.0,0.0,smartcentres,yfinance,2026-07-14T18:50:27.103795
2020-07-24 00:00:00-04:00,13.109959475355717,13.273018669715757,12.999079173429173,13.233884811401367,336600,0.0,0.0,smartcentres,yfinance,2026-07-14T18:50:27.103795
2020-07-27 00:00:00-04:00,13.246926238330655,13.3251951850398,12.992554338600666,13.083867073059082,639100,0.0,0.0,smartcentres,yfinance,2026-07-14T18:50:27.103795
2020-07-28 00:00:00-04:00,13.051260773981735,13.442603170457435,13.051260773981735,13.259976387023926,561000,0.0,0.0,smartcentres,yfinance,2026-07-14T18:50:27.103795
2020-07-29 00:00:00-04:00,13.305632347090999,13.409990150280485,13.123006813530969,13.370856285095215,339600,0.0,0.0,smartcentres,yfinance,2026-07-14T18:50:27.103795
2020-07-30 00:00:00-04:00,13.2880507782977,13.596923196628605,13.156616800110719,13.491775512695312,511300,0.154,0.0,smartcentres,yfinance,2026-07-14T18:50:27.103795
2020-07-31 00:00:00-04:00,13.472057084835912,13.491772741571157,13.26833364574106,13.327479362487793,488100,0.0,0.0,smartcentres,yfinance,2026-07-14T18:50:27.103795
2020-08-04 00:00:00-04:00,13.34062347594763,13.524632533776806,13.28147775212608,13.432628631591797,420300,0.0,0.0,smartcentres,yfinance,2026-07-14T18:50:27.103795
2020-08-05 00:00:00-04:00,13.49177391507359,13.577205928105778,13.340623040541082,13.386626243591309,281100,0.0,0.0,smartcentres,yfinance,2026-07-14T18:50:27.103795
2020-08-06 00:00:00-04:00,13.373491814529118,13.70207883083961,13.373491814529118,13.412921905517578,611600,0.0,0.0,smartcentres,yfinance,2026-07-14T18:50:27.103795
2020-08-07 00:00:00-04:00,13.42606007774457,13.511492114770363,13.228907198250516,13.406344413757324,396500,0.0,0.0,smartcentres,yfinance,2026-07-14T18:50:27.103795
2020-08-10 00:00:00-04:00,13.458912812716429,13.702067556231157,13.38662458096256,13.60349178314209,389600,0.0,0.0,smartcentres,yfinance,2026-07-14T18:50:27.103795
2020-08-11 00:00:00-04:00,13.7349259064458,14.096372083709019,13.669208305719854,13.912363052368164,905400,0.0,0.0,smartcentres,yfinance,2026-07-14T18:50:27.103795
2020-08-12 00:00:00-04:00,13.964948571355047,14.030666227088723,13.656077218904803,13.833513259887695,510400,0.0,0.0,smartcentres,yfinance,2026-07-14T18:50:27.103795
2020-08-13 00:00:00-04:00,13.951794402471695,13.984653832604856,13.66920957062197,13.7349271774292,476200,0.0,0.0,smartcentres,yfinance,2026-07-14T18:50:27.103795
2020-08-14 00:00:00-04:00,13.800643329320224,13.800643329320224,13.544346068596859,13.60349178314209,253700,0.0,0.0,smartcentres,yfinance,2026-07-14T18:50:27.103795
2020-08-17 00:00:00-04:00,13.5772115568604,13.649501081020972,13.412918095375197,13.550925254821777,251100,0.0,0.0,smartcentres,yfinance,2026-07-14T18:50:27.103795
2020-08-18 00:00:00-04:00,13.570635479187523,13.636353094188715,13.39977018156812,13.518061637878418,405500,0.0,0.0,smartcentres,yfinance,2026-07-14T18:50:27.103795
2020-08-19 00:00:00-04:00,13.45234655054502,13.610068104107885,13.360342624331555,13.380058288574219,338100,0.0,0.0,smartcentres,yfinance,2026-07-14T18:50:27.103795
2020-08-20 00:00:00-04:00,13.34719904815164,13.669214048183026,13.327484637073079,13.524636268615723,635700,0.0,0.0,smartcentres,yfinance,2026-07-14T18:50:27.103795
2020-08-21 00:00:00-04:00,13.51806231640371,13.53777797793145,13.281479391908077,13.39319896697998,391300,0.0,0.0,smartcentres,yfinance,2026-07-14T18:50:27.103795
2020-08-24 00:00:00-04:00,13.465485501894015,13.662638313300462,13.373481608646427,13.557489395141602,499600,0.0,0.0,smartcentres,yfinance,2026-07-14T18:50:27.103795
2020-08-25 00:00:00-04:00,13.570638301121388,13.702073558454957,13.43920429724733,13.590353965759277,287000,0.0,0.0,smartcentres,yfinance,2026-07-14T18:50:27.103795
2020-08-26 00:00:00-04:00,13.590355334609528,13.610069747773586,13.386631793336575,13.550925254821777,511600,0.0,0.0,smartcentres,yfinance,2026-07-14T18:50:27.103795
2020-08-27 00:00:00-04:00,13.590354808000658,13.997801874758514,13.5114933980213,13.682358741760254,531800,0.0,0.0,smartcentres,yfinance,2026-07-14T18:50:27.103795
2020-08-28 00:00:00-04:00,13.771069062249545,13.771069062249545,13.559206655568714,13.731345176696777,211800,0.154,0.0,smartcentres,yfinance,2026-07-14T18:50:27.103795
2020-08-31 00:00:00-04:00,13.704867317589546,13.837280732010731,13.45990054357043,13.598936080932617,842100,0.0,0.0,smartcentres,yfinance,2026-07-14T18:50:27.103795
2020-09-01 00:00:00-04:00,13.592316943609742,13.671764749772425,13.446660527644639,13.545970916748047,489400,0.0,0.0,smartcentres,yfinance,2026-07-14T18:50:27.103795
2020-09-02 00:00:00-04:00,13.58569351703865,13.982936261235077,13.519486182539266,13.94983196258545,553100,0.0,0.0,smartcentres,yfinance,2026-07-14T18:50:27.103795
2020-09-03 00:00:00-04:00,14.009424157869187,14.39342533940623,13.850527247867694,13.890251159667969,745000,0.0,0.0,smartcentres,yfinance,2026-07-14T18:50:27.103795
2020-09-04 00:00:00-04:00,13.97631722318071,13.996178542159342,13.711487850665272,13.877005577087402,639700,0.0,0.0,smartcentres,yfinance,2026-07-14T18:50:27.103795
2020-09-08 00:00:00-04:00,13.84390253692299,14.00942026334512,13.810799496758579,13.877005577087402,661600,0.0,0.0,smartcentres,yfinance,2026-07-14T18:50:27.103795
2020-09-09 00:00:00-04:00,13.903486707654436,14.280866859099941,13.903486707654436,13.94321060180664,461100,0.0,0.0,smartcentres,yfinance,2026-07-14T18:50:27.103795
2020-09-10 00:00:00-04:00,13.963075647322318,13.963075647322318,13.737971436021338,13.870386123657227,720300,0.0,0.0,smartcentres,yfinance,2026-07-14T18:50:27.103795
2020-09-11 00:00:00-04:00,13.956454143377464,13.956454143377464,13.651902143772448,13.777694702148438,385200,0.0,0.0,smartcentres,yfinance,2026-07-14T18:50:27.103795
2020-09-14 00:00:00-04:00,13.857147781082245,14.115355095850122,13.751216510264637,14.088872909545898,392600,0.0,0.0,smartcentres,yfinance,2026-07-14T18:50:27.103795
2020-09-15 00:00:00-04:00,14.13520883914431,14.486105480642971,13.976312032329895,14.366933822631836,386000,0.0,0.0,smartcentres,yfinance,2026-07-14T18:50:27.103795
2020-09-16 00:00:00-04:00,14.479487864454988,14.66486686634411,14.313970176882709,14.426522254943848,402700,0.0,0.0,smartcentres,yfinance,2026-07-14T18:50:27.103795
2020-09-17 00:00:00-04:00,14.30072875965126,14.40665998090203,14.201418397578635,14.380176544189453,351900,0.0,0.0,smartcentres,yfinance,2026-07-14T18:50:27.103795
2020-09-18 00:00:00-04:00,14.201416679941977,14.30734788838055,13.996173858642578,13.996173858642578,803300,0.0,0.0,smartcentres,yfinance,2026-07-14T18:50:27.103795
2020-09-21 00:00:00-04:00,13.903481212291886,13.956446804493405,13.598929372832979,13.63203239440918,499600,0.0,0.0,smartcentres,yfinance,2026-07-14T18:50:27.103795
2020-09-22 00:00:00-04:00,13.65852790105636,13.877011340156903,13.47314877866836,13.512872695922852,696500,0.0,0.0,smartcentres,yfinance,2026-07-14T18:50:27.103795
2020-09-23 00:00:00-04:00,13.592316336276108,13.638661098266908,13.175210952758789,13.175210952758789,750200,0.0,0.0,smartcentres,yfinance,2026-07-14T18:50:27.103795
2020-09-24 00:00:00-04:00,13.135490486553191,13.413560394016933,12.90376535320001,13.208318710327148,692300,0.0,0.0,smartcentres,yfinance,2026-07-14T18:50:27.103795
2020-09-25 00:00:00-04:00,13.214925429050563,13.274511869912544,13.003063089452027,13.248029708862305,637900,0.0,0.0,smartcentres,yfinance,2026-07-14T18:50:27.103795
2020-09-28 00:00:00-04:00,13.387069852348253,13.5525875366578,13.347345961697881,13.42679500579834,1007200,0.0,0.0,smartcentres,yfinance,2026-07-14T18:50:27.103795
2020-09-29 00:00:00-04:00,13.489511269360056,13.489511269360056,13.109243338204154,13.202643394470215,859200,0.154,0.0,smartcentres,yfinance,2026-07-14T18:50:27.103795
2020-09-30 00:00:00-04:00,13.342737197875977,13.642949293813215,13.269351736099633,13.342737197875977,898000,0.0,0.0,smartcentres,yfinance,2026-07-14T18:50:27.103795
2020-10-01 00:00:00-04:00,13.34273734468936,13.589578545449653,13.28269492484125,13.389436721801758,369800,0.0,0.0,smartcentres,yfinance,2026-07-14T18:50:27.103795
2020-10-02 00:00:00-04:00,13.242673591926637,13.649626416114357,13.202645716465907,13.616270065307617,536200,0.0,0.0,smartcentres,yfinance,2026-07-14T18:50:27.103795
2020-10-05 00:00:00-04:00,13.70299463611108,13.723007931801064,13.45615338541089,13.56956672668457,477800,0.0,0.0,smartcentres,yfinance,2026-07-14T18:50:27.103795
2020-10-06 00:00:00-04:00,13.6296109682209,13.996535859164464,13.482839993873062,13.823080062866211,491400,0.0,0.0,smartcentres,yfinance,2026-07-14T18:50:27.103795
2020-10-07 00:00:00-04:00,13.896456783315697,13.936484627220844,13.636273889238913,13.80972957611084,444900,0.0,0.0,smartcentres,yfinance,2026-07-14T18:50:27.103795
2020-10-08 00:00:00-04:00,13.836418565584303,14.116616102581048,13.809733752398357,14.069916725158691,492100,0.0,0.0,smartcentres,yfinance,2026-07-14T18:50:27.103795
2020-10-09 00:00:00-04:00,14.12328480628445,14.163312654308795,13.929814541319155,13.9498291015625,358400,0.0,0.0,smartcentres,yfinance,2026-07-14T18:50:27.103795
2020-10-13 00:00:00-04:00,13.976520588537847,14.043233270231312,13.776378726068936,13.916478157043457,797700,0.0,0.0,smartcentres,yfinance,2026-07-14T18:50:27.103795
2020-10-14 00:00:00-04:00,13.86310855748228,13.956507338644247,13.72968063656836,13.756366729736328,345500,0.0,0.0,smartcentres,yfinance,2026-07-14T18:50:27.103795
2020-10-15 00:00:00-04:00,13.616259868069113,14.023213659951713,13.616259868069113,13.8631010055542,441400,0.0,0.0,smartcentres,yfinance,2026-07-14T18:50:27.103795
2020-10-16 00:00:00-04:00,13.823072459124369,13.85643005879194,13.709659165179263,13.763030052185059,466100,0.0,0.0,smartcentres,yfinance,2026-07-14T18:50:27.103795
2020-10-19 00:00:00-04:00,13.809739751677796,13.809739751677796,13.609597839755086,13.709668159484863,998000,0.0,0.0,smartcentres,yfinance,2026-07-14T18:50:27.103795
2020-10-20 00:00:00-04:00,13.716332187184692,13.943158799914627,13.689647376990708,13.849760055541992,410000,0.0,0.0,smartcentres,yfinance,2026-07-14T18:50:27.103795
2020-10-21 00:00:00-04:00,13.843088029874266,14.149970334453377,13.749689288908868,14.083257675170898,478900,0.0,0.0,smartcentres,yfinance,2026-07-14T18:50:27.103795
2020-10-22 00:00:00-04:00,14.136629570751774,14.330098586852966,14.069915634265586,14.31008529663086,474500,0.0,0.0,smartcentres,yfinance,2026-07-14T18:50:27.103795
2020-10-23 00:00:00-04:00,14.323428196431733,14.596954212396835,14.316756675010316,14.583612442016602,435100,0.0,0.0,smartcentres,yfinance,2026-07-14T18:50:27.103795
2020-10-26 00:00:00-04:00,14.530240038937924,14.536911559668706,14.163314033519748,14.24337100982666,866100,0.0,0.0,smartcentres,yfinance,2026-07-14T18:50:27.103795
2020-10-27 00:00:00-04:00,14.303415756251672,14.443513897055038,14.116616962717842,14.156644821166992,523100,0.0,0.0,smartcentres,yfinance,2026-07-14T18:50:27.103795
2020-10-28 00:00:00-04:00,14.009875483970113,14.063246387296253,13.74969248931302,13.80306339263916,681400,0.0,0.0,smartcentres,yfinance,2026-07-14T18:50:27.103795
2020-10-29 00:00:00-04:00,13.846083840009616,14.202317208813259,13.617556144321675,14.128382682800293,511400,0.154,0.0,smartcentres,yfinance,2026-07-14T18:50:27.103795
2020-10-30 00:00:00-04:00,14.121655520568204,14.195591299221915,13.899849466611835,14.155261993408203,519100,0.0,0.0,smartcentres,yfinance,2026-07-14T18:50:27.103795
2020-11-02 00:00:00-05:00,14.114930739957627,14.37034320831299,14.01411006250168,14.370343208312988,425100,0.0,0.0,smartcentres,yfinance,2026-07-14T18:50:27.103795
2020-11-03 00:00:00-05:00,14.451005039702213,14.55854730022798,14.309856303513971,14.363627433776855,321800,0.0,0.0,smartcentres,yfinance,2026-07-14T18:50:27.103795
2020-11-04 00:00:00-05:00,14.390508651733398,14.477887517159825,14.040995754036766,14.390508651733398,646300,0.0,0.0,smartcentres,yfinance,2026-07-14T18:50:27.103795
2020-11-05 00:00:00-05:00,14.504780009975676,14.551829601161048,14.37707306104023,14.403959274291992,388500,0.0,0.0,smartcentres,yfinance,2026-07-14T18:50:27.103795
2020-11-06 00:00:00-05:00,14.41067945732249,14.45772904403401,14.168708689085992,14.182151794433594,395500,0.0,0.0,smartcentres,yfinance,2026-07-14T18:50:27.103795
2020-11-09 00:00:00-05:00,14.787081027416788,16.7094019712227,14.787081027416788,16.420381546020508,1511400,0.0,0.0,smartcentres,yfinance,2026-07-14T18:50:27.103795
2020-11-10 00:00:00-05:00,16.306108900144086,16.52119339406773,16.09774595690614,16.171680450439453,718200,0.0,0.0,smartcentres,yfinance,2026-07-14T18:50:27.103795
2020-11-11 00:00:00-05:00,16.17168358384221,16.548082803143885,16.04397794208392,16.413654327392578,750800,0.0,0.0,smartcentres,yfinance,2026-07-14T18:50:27.103795
2020-11-12 00:00:00-05:00,16.40021129755167,16.554803147961017,15.929714194305188,16.0103702545166,687100,0.0,0.0,smartcentres,yfinance,2026-07-14T18:50:27.103795
2020-11-13 00:00:00-05:00,15.963321751993854,16.494312859317336,15.95660019952083,16.3464412689209,1001000,0.0,0.0,smartcentres,yfinance,2026-07-14T18:50:27.103795
2020-11-16 00:00:00-05:00,16.669066986045706,17.126122267747807,16.648903611973825,16.79677391052246,793200,0.0,0.0,smartcentres,yfinance,2026-07-14T18:50:27.103795
2020-11-17 00:00:00-05:00,16.816942158086757,16.877434857231368,16.534643322746984,16.82366371154785,647100,0.0,0.0,smartcentres,yfinance,2026-07-14T18:50:27.103795
2020-11-18 00:00:00-05:00,16.97152027733205,16.97152027733205,16.568236370776788,16.608564376831055,690400,0.0,0.0,smartcentres,yfinance,2026-07-14T18:50:27.103795
2020-11-19 00:00:00-05:00,16.50775045368514,16.608571150944496,16.33299398016672,16.474143981933594,855000,0.0,0.0,smartcentres,yfinance,2026-07-14T18:50:27.103795
2020-11-20 00:00:00-05:00,16.447260805327925,16.48086856526823,16.205291343782513,16.413654327392578,604300,0.0,0.0,smartcentres,yfinance,2026-07-14T18:50:27.103795
2020-11-23 00:00:00-05:00,16.507753602754214,16.574967841084018,16.35988330403262,16.400211334228516,529200,0.0,0.0,smartcentres,yfinance,2026-07-14T18:50:27.103795
2020-11-24 00:00:00-05:00,16.534636602344193,16.749721097658473,16.427094354687053,16.480865478515625,729300,0.0,0.0,smartcentres,yfinance,2026-07-14T18:50:27.103795
2020-11-25 00:00:00-05:00,16.514474868774414,16.534639524525613,16.28594723161392,16.514474868774414,964600,0.0,0.0,smartcentres,yfinance,2026-07-14T18:50:27.103795
2020-11-26 00:00:00-05:00,16.467425232204953,16.581689050402492,16.36660451779652,16.521196365356445,320900,0.0,0.0,smartcentres,yfinance,2026-07-14T18:50:27.103795
2020-11-27 00:00:00-05:00,16.43597519386034,16.510377142823796,16.260118152817817,16.402156829833984,665100,0.154,0.0,smartcentres,yfinance,2026-07-14T18:50:27.103795
2020-11-30 00:00:00-05:00,16.42244595297805,16.42244595297805,16.009855270462456,16.293933868408203,5838600,0.0,0.0,smartcentres,yfinance,2026-07-14T18:50:27.103795
2020-12-01 00:00:00-05:00,16.368331698956904,16.550952595324766,16.27363799667233,16.43596839904785,440700,0.0,0.0,smartcentres,yfinance,2026-07-14T18:50:27.103795
2020-12-02 00:00:00-05:00,16.408918093531188,16.442736452060664,16.21953193153813,16.293933868408203,597400,0.0,0.0,smartcentres,yfinance,2026-07-14T18:50:27.103795
2020-12-03 00:00:00-05:00,16.29392844139203,16.632117074397115,16.233054384244134,16.38185691833496,726000,0.0,0.0,smartcentres,yfinance,2026-07-14T18:50:27.103795
2020-12-04 00:00:00-05:00,16.226301440904457,16.381868007774113,15.847530276760212,16.341285705566406,1059200,0.0,0.0,smartcentres,yfinance,2026-07-14T18:50:27.103795
2020-12-07 00:00:00-05:00,16.300696559761022,16.348042774140453,16.003090124977696,16.192476272583008,464500,0.0,0.0,smartcentres,yfinance,2026-07-14T18:50:27.103795
2020-12-08 00:00:00-05:00,16.178949087314138,16.21276744468149,16.05720093665146,16.091020584106445,441000,0.0,0.0,smartcentres,yfinance,2026-07-14T18:50:27.103795
2020-12-09 00:00:00-05:00,16.151890752386098,16.199238251151737,15.874576138624496,15.921923637390137,600300,0.0,0.0,smartcentres,yfinance,2026-07-14T18:50:27.103795
2020-12-10 00:00:00-05:00,15.83399452168378,16.084254722436736,15.83399452168378,16.063962936401367,507000,0.0,0.0,smartcentres,yfinance,2026-07-14T18:50:27.103795
2020-12-11 00:00:00-05:00,15.962506307308322,16.091018369777103,15.894868311793836,15.976034164428711,318300,0.0,0.0,smartcentres,yfinance,2026-07-14T18:50:27.103795
2020-12-14 00:00:00-05:00,16.030148960183006,16.084259114298135,15.935455222915653,15.996329307556152,811600,0.0,0.0,smartcentres,yfinance,2026-07-14T18:50:27.103795
2020-12-15 00:00:00-05:00,16.00308481838953,16.226289247941025,15.88810064013045,16.205997467041016,602700,0.0,0.0,smartcentres,yfinance,2026-07-14T18:50:27.103795
2020-12-16 00:00:00-05:00,16.233061008954387,16.530667488676464,16.199242647887512,16.3953914642334,745400,0.0,0.0,smartcentres,yfinance,2026-07-14T18:50:27.103795
2020-12-17 00:00:00-05:00,16.43596793984542,16.4494957955206,16.05043308371405,16.11130714416504,468600,0.0,0.0,smartcentres,yfinance,2026-07-14T18:50:27.103795
2020-12-18 00:00:00-05:00,16.03014608734379,16.070728373135236,15.624319359166556,15.725775718688965,970800,0.0,0.0,smartcentres,yfinance,2026-07-14T18:50:27.103795
2020-12-21 00:00:00-05:00,15.556676895485577,15.678425008038117,15.468748419801651,15.583732604980469,1127700,0.0,0.0,smartcentres,yfinance,2026-07-14T18:50:27.103795
2020-12-22 00:00:00-05:00,15.617552412536932,15.67842647450701,15.428166298620324,15.475512504577637,418900,0.0,0.0,smartcentres,yfinance,2026-07-14T18:50:27.103795
2020-12-23 00:00:00-05:00,15.468750687054177,15.698717801030824,15.468750687054177,15.624317169189453,258300,0.0,0.0,smartcentres,yfinance,2026-07-14T18:50:27.103795
2020-12-24 00:00:00-05:00,15.624320765047012,15.72577713369849,15.610792905203422,15.705485343933105,210300,0.0,0.0,smartcentres,yfinance,2026-07-14T18:50:27.103795
2020-12-29 00:00:00-05:00,15.813703235652614,15.881341234488303,15.6581367413918,15.698719024658203,451500,0.0,0.0,smartcentres,yfinance,2026-07-14T18:50:27.103795
2020-12-30 00:00:00-05:00,15.71505421216135,15.837615501736467,15.667391777038572,15.667391777038574,312000,0.154,0.0,smartcentres,yfinance,2026-07-14T18:50:27.103795
2020-12-31 00:00:00-05:00,15.701448689121861,15.77634760409183,15.585696410852366,15.715066909790039,285900,0.0,0.0,smartcentres,yfinance,2026-07-14T18:50:27.103795
2021-01-04 00:00:00-05:00,15.892087041691633,15.898896146524024,15.49716805234068,15.667391777038574,579100,0.0,0.0,smartcentres,yfinance,2026-07-14T18:50:27.103795
2021-01-05 00:00:00-05:00,15.715062667881563,15.926139836443014,15.708253559385431,15.77634334564209,426800,0.0,0.0,smartcentres,yfinance,2026-07-14T18:50:27.103795
2021-01-06 00:00:00-05:00,15.871667735587408,15.946566627831603,15.755915492439387,15.864858627319336,555400,0.0,0.0,smartcentres,yfinance,2026-07-14T18:50:27.103795
2021-01-07 00:00:00-05:00,15.98060715680435,16.028270903604493,15.824001599145378,15.871664047241211,573800,0.0,0.0,smartcentres,yfinance,2026-07-14T18:50:27.103795
2021-01-08 00:00:00-05:00,15.905716521170428,15.994232349300473,15.8103902846786,15.885289192199707,314400,0.0,0.0,smartcentres,yfinance,2026-07-14T18:50:27.103795
2021-01-11 00:00:00-05:00,15.817188910316824,16.02145816851477,15.735482246000856,15.851234436035156,521000,0.0,0.0,smartcentres,yfinance,2026-07-14T18:50:27.103795
2021-01-12 00:00:00-05:00,15.858049165237908,15.919328535855612,15.796768495915728,15.878475189208984,372700,0.0,0.0,smartcentres,yfinance,2026-07-14T18:50:27.103795
2021-01-13 00:00:00-05:00,15.830817613649323,16.089557287087423,15.728683566205463,15.885289192199707,649200,0.0,0.0,smartcentres,yfinance,2026-07-14T18:50:27.103795
2021-01-14 00:00:00-05:00,15.898900197626649,16.157639753665567,15.824001324089782,16.055505752563477,522900,0.0,0.0,smartcentres,yfinance,2026-07-14T18:50:27.103795
2021-01-15 00:00:00-05:00,16.035078560695972,16.069124093804277,15.912518537618961,16.062314987182617,355300,0.0,0.0,smartcentres,yfinance,2026-07-14T18:50:27.103795
2021-01-18 00:00:00-05:00,16.089560429996038,16.171268463134766,16.04870706277924,16.171268463134766,168900,0.0,0.0,smartcentres,yfinance,2026-07-14T18:50:27.103795
2021-01-19 00:00:00-05:00,16.225735377315818,16.38915009780458,16.10317401227306,16.327869415283203,509300,0.0,0.0,smartcentres,yfinance,2026-07-14T18:50:27.103795
2021-01-20 00:00:00-05:00,16.430004393136876,16.804497618713352,16.300635210373116,16.647891998291016,506600,0.0,0.0,smartcentres,yfinance,2026-07-14T18:50:27.103795
2021-01-21 00:00:00-05:00,16.66831357255065,16.66831357255065,16.416383085071537,16.613842010498047,454600,0.0,0.0,smartcentres,yfinance,2026-07-14T18:50:27.103795
2021-01-22 00:00:00-05:00,16.613843109952434,16.62746132604292,16.409575063413442,16.504899978637695,540400,0.0,0.0,smartcentres,yfinance,2026-07-14T18:50:27.103795
2021-01-25 00:00:00-05:00,16.389147715172463,16.64107951765761,16.375529499102008,16.470855712890625,560900,0.0,0.0,smartcentres,yfinance,2026-07-14T18:50:27.103795
2021-01-26 00:00:00-05:00,16.54574934302828,16.61383910837617,16.382334685415902,16.46404266357422,406200,0.0,0.0,smartcentres,yfinance,2026-07-14T18:50:27.103795
2021-01-27 00:00:00-05:00,16.39595726807797,16.477665268013112,16.25296989157223,16.2938232421875,747600,0.0,0.0,smartcentres,yfinance,2026-07-14T18:50:27.103795
2021-01-28 00:00:00-05:00,16.365099458361517,16.52272076197568,16.138948630786363,16.289716720581055,603000,0.154,0.0,smartcentres,yfinance,2026-07-14T18:50:27.103795
2021-01-29 00:00:00-05:00,16.173209593051226,16.296564788617534,15.988176799701767,16.1252384185791,1014400,0.0,0.0,smartcentres,yfinance,2026-07-14T18:50:27.103795
2021-02-01 00:00:00-05:00,16.111533847732115,16.26915381258227,16.07726778551472,16.255447387695312,619300,0.0,0.0,smartcentres,yfinance,2026-07-14T18:50:27.103795
2021-02-02 00:00:00-05:00,16.323978532811495,16.515864563732265,16.282860564441563,16.399362564086914,728800,0.0,0.0,smartcentres,yfinance,2026-07-14T18:50:27.103795
2021-02-03 00:00:00-05:00,16.39936576587587,16.39936576587587,16.11153731685782,16.19377326965332,629400,0.0,0.0,smartcentres,yfinance,2026-07-14T18:50:27.103795
2021-02-04 00:00:00-05:00,16.228033188389816,16.4541839335356,16.193767131782025,16.303417205810547,833900,0.0,0.0,smartcentres,yfinance,2026-07-14T18:50:27.103795
2021-02-05 00:00:00-05:00,16.330831093031406,16.426773451100896,16.24174194726925,16.358243942260742,496100,0.0,0.0,smartcentres,yfinance,2026-07-14T18:50:27.103795
2021-02-08 00:00:00-05:00,16.447331683986548,16.584393304199697,16.351389334107235,16.536420822143555,490600,0.0,0.0,smartcentres,yfinance,2026-07-14T18:50:27.103795
2021-02-09 00:00:00-05:00,16.591241283475142,16.64606696428235,16.34453225542357,16.413063049316406,436400,0.0,0.0,smartcentres,yfinance,2026-07-14T18:50:27.103795
2021-02-10 00:00:00-05:00,16.413066183715266,16.625510508948942,16.33768216532546,16.584392547607422,341600,0.0,0.0,smartcentres,yfinance,2026-07-14T18:50:27.103795
2021-02-11 00:00:00-05:00,16.673490524291992,16.7625797056321,16.577548127907704,16.673490524291992,694200,0.0,0.0,smartcentres,yfinance,2026-07-14T18:50:27.103795
2021-02-12 00:00:00-05:00,16.789986792409604,17.43417440676411,16.78313357972197,17.173757553100586,1179800,0.0,0.0,smartcentres,yfinance,2026-07-14T18:50:27.103795
2021-02-16 00:00:00-05:00,17.351929132147294,17.351929132147294,16.927040599061307,17.19430923461914,623600,0.0,0.0,smartcentres,yfinance,2026-07-14T18:50:27.103795
2021-02-17 00:00:00-05:00,17.139490235589328,17.345081357029848,17.05039979107969,17.13263702392578,417100,0.0,0.0,smartcentres,yfinance,2026-07-14T18:50:27.103795
2021-02-18 00:00:00-05:00,17.221731929946454,17.221731929946454,16.9750227630029,17.050405502319336,337200,0.0,0.0,smartcentres,yfinance,2026-07-14T18:50:27.103795
2021-02-19 00:00:00-05:00,17.13263366289347,17.3039599995224,17.00927849138204,17.187458038330078,418600,0.0,0.0,smartcentres,yfinance,2026-07-14T18:50:27.103795
2021-02-22 00:00:00-05:00,17.50269734509177,17.783672403178993,17.283398559187237,17.694581985473633,880200,0.0,0.0,smartcentres,yfinance,2026-07-14T18:50:27.103795
2021-02-23 00:00:00-05:00,17.824800171865554,17.824800171865554,17.49585377249379,17.76312255859375,528000,0.0,0.0,smartcentres,yfinance,2026-07-14T18:50:27.103795
2021-02-24 00:00:00-05:00,17.838502464797774,18.592337461888263,17.769971654030503,18.496395111083984,974900,0.0,0.0,smartcentres,yfinance,2026-07-14T18:50:27.103795
2021-02-25 00:00:00-05:00,18.609427173828198,18.630104788394657,18.09249864122186,18.18899154663086,724200,0.154,0.0,smartcentres,yfinance,2026-07-14T18:50:27.103795
2021-02-26 00:00:00-05:00,18.237238713732204,18.402657007509237,17.575570797093228,18.12006950378418,657500,0.0,0.0,smartcentres,yfinance,2026-07-14T18:50:27.103795
2021-03-01 00:00:00-05:00,18.285497726968387,18.60254680332843,18.19589598652361,18.264820098876953,855600,0.0,0.0,smartcentres,yfinance,2026-07-14T18:50:27.103795
2021-03-02 00:00:00-05:00,18.39576891067825,18.402661450801258,18.168320345089363,18.182104110717773,1116500,0.0,0.0,smartcentres,yfinance,2026-07-14T18:50:27.103795
2021-03-03 00:00:00-05:00,18.32684606863083,18.57497227143885,18.154536497706975,18.195890426635742,843100,0.0,0.0,smartcentres,yfinance,2026-07-14T18:50:27.103795
2021-03-04 00:00:00-05:00,18.188995816030435,18.43712199060024,17.84437671340239,17.927085876464844,1094600,0.0,0.0,smartcentres,yfinance,2026-07-14T18:50:27.103795
2021-03-05 00:00:00-05:00,17.940862090602536,18.085601411166966,17.644489598456058,17.885723114013672,911300,0.0,0.0,smartcentres,yfinance,2026-07-14T18:50:27.103795
2021-03-08 00:00:00-05:00,18.126961082259204,18.381979751755434,17.97532917705059,18.29237937927246,705400,0.0,0.0,smartcentres,yfinance,2026-07-14T18:50:27.103795
2021-03-09 00:00:00-05:00,18.34751986899061,18.450905327088304,18.1614252556443,18.168317794799805,519900,0.0,0.0,smartcentres,yfinance,2026-07-14T18:50:27.103795
2021-03-10 00:00:00-05:00,18.264812062385953,18.292382221043702,18.09939505429203,18.140748977661133,571900,0.0,0.0,smartcentres,yfinance,2026-07-14T18:50:27.103795
2021-03-11 00:00:00-05:00,18.29927431658312,18.29927431658312,17.996010444626826,18.00290298461914,557300,0.0,0.0,smartcentres,yfinance,2026-07-14T18:50:27.103795
2021-03-12 00:00:00-05:00,18.05114764403952,18.354411485656097,18.016684947525736,18.319950103759766,761400,0.0,0.0,smartcentres,yfinance,2026-07-14T18:50:27.103795
2021-03-15 00:00:00-04:00,18.42333100101941,18.857551667224165,18.36129947727587,18.81619644165039,604500,0.0,0.0,smartcentres,yfinance,2026-07-14T18:50:27.103795
2021-03-16 00:00:00-04:00,18.912697189868847,18.940266035162423,18.72660255432129,18.72660255432129,569400,0.0,0.0,smartcentres,yfinance,2026-07-14T18:50:27.103795
2021-03-17 00:00:00-04:00,18.76106531709883,18.905806038024632,18.58875574885525,18.671464920043945,482400,0.0,0.0,smartcentres,yfinance,2026-07-14T18:50:27.103795
2021-03-18 00:00:00-04:00,18.685248253554533,18.8368801861658,18.48536854206838,18.574970245361328,395800,0.0,0.0,smartcentres,yfinance,2026-07-14T18:50:27.103795
2021-03-19 00:00:00-04:00,18.56118495301308,18.809311125913595,18.471583250746765,18.692140579223633,615100,0.0,0.0,smartcentres,yfinance,2026-07-14T18:50:27.103795
2021-03-22 00:00:00-04:00,18.699036146022333,18.878238277545666,18.671467295197584,18.747283935546875,249200,0.0,0.0,smartcentres,yfinance,2026-07-14T18:50:27.103795
2021-03-23 00:00:00-04:00,18.761064324325794,18.823095870780396,18.48536929264846,18.512939453125,341100,0.0,0.0,smartcentres,yfinance,2026-07-14T18:50:27.103795
2021-03-24 00:00:00-04:00,18.63011180598992,18.843775311857204,18.588756561279297,18.588756561279297,554000,0.0,0.0,smartcentres,yfinance,2026-07-14T18:50:27.103795
2021-03-25 00:00:00-04:00,18.588756561279297,18.67146573608281,18.36820051462691,18.588756561279297,404200,0.0,0.0,smartcentres,yfinance,2026-07-14T18:50:27.103795
2021-03-26 00:00:00-04:00,18.609428706449194,18.843769765699793,18.602536167692723,18.80241584777832,398500,0.0,0.0,smartcentres,yfinance,2026-07-14T18:50:27.103795
2021-03-29 00:00:00-04:00,18.84377386488391,18.912697952824683,18.66457176208496,18.66457176208496,642300,0.0,0.0,smartcentres,yfinance,2026-07-14T18:50:27.103795
2021-03-30 00:00:00-04:00,18.71586984619225,18.819846636465993,18.681211356813208,18.75052833557129,260900,0.154,0.0,smartcentres,yfinance,2026-07-14T18:50:27.103795
2021-03-31 00:00:00-04:00,18.736663454858363,18.785185862943695,18.61189079284668,18.61189079284668,386100,0.0,0.0,smartcentres,yfinance,2026-07-14T18:50:27.103795
2021-04-01 00:00:00-04:00,18.667343745124132,18.708934188591563,18.49404868818408,18.695070266723633,298000,0.0,0.0,smartcentres,yfinance,2026-07-14T18:50:27.103795
2021-04-05 00:00:00-04:00,18.75052134840576,18.861430059653784,18.660408516317787,18.729726791381836,234200,0.0,0.0,smartcentres,yfinance,2026-07-14T18:50:27.103795
2021-04-06 00:00:00-04:00,18.75052553471315,18.854503631591797,18.64654875997093,18.854503631591797,355400,0.0,0.0,smartcentres,yfinance,2026-07-14T18:50:27.103795
2021-04-07 00:00:00-04:00,18.854500868960038,19.000068067842818,18.833704988204115,18.986204147338867,328200,0.0,0.0,smartcentres,yfinance,2026-07-14T18:50:27.103795
2021-04-08 00:00:00-04:00,18.99313478392075,19.40904311510012,18.916885870735427,19.346656799316406,650100,0.0,0.0,smartcentres,yfinance,2026-07-14T18:50:27.103795
2021-04-09 00:00:00-04:00,19.34665760475966,19.388248042968257,19.166430609674155,19.24961280822754,737500,0.0,0.0,smartcentres,yfinance,2026-07-14T18:50:27.103795
2021-04-12 00:00:00-04:00,19.249614059999576,19.402113224772002,19.131773375632065,19.256546020507812,407600,0.0,0.0,smartcentres,yfinance,2026-07-14T18:50:27.103795
2021-04-13 00:00:00-04:00,19.332792620836436,19.526883525356805,19.2010893534003,19.478361129760742,342900,0.0,0.0,smartcentres,yfinance,2026-07-14T18:50:27.103795
2021-04-14 00:00:00-04:00,19.47836463189875,19.637795766704116,19.332796096801758,19.332796096801758,330600,0.0,0.0,smartcentres,yfinance,2026-07-14T18:50:27.103795
2021-04-15 00:00:00-04:00,19.38824768545494,19.547680119564358,19.228816573481687,19.450634002685547,244700,0.0,0.0,smartcentres,yfinance,2026-07-14T18:50:27.103795
2021-04-16 00:00:00-04:00,19.506089217371965,19.554611616876077,19.284271778418173,19.318931579589844,346400,0.0,0.0,smartcentres,yfinance,2026-07-14T18:50:27.103795
2021-04-19 00:00:00-04:00,19.40211312759393,19.40211312759393,19.242682003111796,19.325862884521484,204200,0.0,0.0,smartcentres,yfinance,2026-07-14T18:50:27.103795
2021-04-20 00:00:00-04:00,19.270407010923368,19.485293802333754,19.194158095969648,19.450634002685547,267700,0.0,0.0,smartcentres,yfinance,2026-07-14T18:50:27.103795
2021-04-21 00:00:00-04:00,19.443707462213727,19.58234405517578,19.402117013179726,19.58234405517578,208800,0.0,0.0,smartcentres,yfinance,2026-07-14T18:50:27.103795
2021-04-22 00:00:00-04:00,19.582344897733766,19.679389723700773,19.45064026096669,19.499162673950195,326300,0.0,0.0,smartcentres,yfinance,2026-07-14T18:50:27.103795
2021-04-23 00:00:00-04:00,19.499162730707717,19.58234495473341,19.457572279763166,19.46450424194336,233500,0.0,0.0,smartcentres,yfinance,2026-07-14T18:50:27.103795
2021-04-26 00:00:00-04:00,19.478361842404112,19.519952279845793,19.374385087731824,19.450634002685547,268600,0.0,0.0,smartcentres,yfinance,2026-07-14T18:50:27.103795
2021-04-27 00:00:00-04:00,19.60313425780432,19.644724694781235,19.42983922790832,19.547679901123047,203300,0.0,0.0,smartcentres,yfinance,2026-07-14T18:50:27.103795
2021-04-28 00:00:00-04:00,19.53381864810188,19.818022430158855,19.53381864810188,19.81109046936035,342700,0.0,0.0,smartcentres,yfinance,2026-07-14T18:50:27.103795
2021-04-29 00:00:00-04:00,19.897505755534944,19.97416907728878,19.779026680687572,19.855690002441406,399300,0.154,0.0,smartcentres,yfinance,2026-07-14T18:50:27.103795
2021-04-30 00:00:00-04:00,19.848726705731657,20.071745897816403,19.848726705731657,19.946298599243164,605900,0.0,0.0,smartcentres,yfinance,2026-07-14T18:50:27.103795
2021-05-03 00:00:00-04:00,19.981145244364598,20.36445932217248,19.967206212259043,20.21113395690918,488300,0.0,0.0,smartcentres,yfinance,2026-07-14T18:50:27.103795
2021-05-04 00:00:00-04:00,20.22506720082576,20.378392522209058,20.127495333310126,20.218097686767578,404600,0.0,0.0,smartcentres,yfinance,2026-07-14T18:50:27.103795
2021-05-05 00:00:00-04:00,20.32961341448328,20.371429182206757,19.953267517074128,20.092655181884766,450900,0.0,0.0,smartcentres,yfinance,2026-07-14T18:50:27.103795
2021-05-06 00:00:00-04:00,20.085680898948507,20.183251443580787,20.00204938334912,20.13446617126465,207600,0.0,0.0,smartcentres,yfinance,2026-07-14T18:50:27.103795
2021-05-07 00:00:00-04:00,20.092649614460527,20.510811163725773,20.092649614460527,20.475963592529297,456600,0.0,0.0,smartcentres,yfinance,2026-07-14T18:50:27.103795
2021-05-10 00:00:00-04:00,20.524755734773546,20.65717255318164,20.46203141898054,20.496877670288086,736400,0.0,0.0,smartcentres,yfinance,2026-07-14T18:50:27.103795
2021-05-11 00:00:00-04:00,20.39930401816105,20.420211234064023,19.960233874011458,20.169315338134766,598900,0.0,0.0,smartcentres,yfinance,2026-07-14T18:50:27.103795
2021-05-12 00:00:00-04:00,20.120533677122268,20.315674816873805,19.848727857855124,19.883575439453125,429600,0.0,0.0,smartcentres,yfinance,2026-07-14T18:50:27.103795
2021-05-13 00:00:00-04:00,20.211130966572536,20.378395339193798,19.81387791543465,20.26688575744629,375100,0.0,0.0,smartcentres,yfinance,2026-07-14T18:50:27.103795
2021-05-14 00:00:00-04:00,20.371427269472033,20.503845405679076,20.266887195329282,20.48293685913086,642100,0.0,0.0,smartcentres,yfinance,2026-07-14T18:50:27.103795
2021-05-17 00:00:00-04:00,20.482932978388874,20.545657276850473,20.34354668237336,20.40627098083496,328000,0.0,0.0,smartcentres,yfinance,2026-07-14T18:50:27.103795
2021-05-18 00:00:00-04:00,20.455061966967033,20.580510598946205,20.336582851131066,20.48990821838379,447000,0.0,0.0,smartcentres,yfinance,2026-07-14T18:50:27.103795
2021-05-19 00:00:00-04:00,20.455057907761454,20.524751726063855,20.308700756396515,20.51778221130371,851300,0.0,0.0,smartcentres,yfinance,2026-07-14T18:50:27.103795
2021-05-20 00:00:00-04:00,20.51779007233924,20.59445210547449,20.371432864900072,20.413249969482422,548900,0.0,0.0,smartcentres,yfinance,2026-07-14T18:50:27.103795
2021-05-21 00:00:00-04:00,20.48293232943669,20.48293232943669,20.21809744488863,20.329607009887695,364300,0.0,0.0,smartcentres,yfinance,2026-07-14T18:50:27.103795
2021-05-25 00:00:00-04:00,20.392334369237005,20.413242914301815,20.141437145655573,20.26688575744629,412800,0.0,0.0,smartcentres,yfinance,2026-07-14T18:50:27.103795
2021-05-26 00:00:00-04:00,20.294764316549955,20.47596639437084,20.183253402761494,20.441120147705078,210900,0.0,0.0,smartcentres,yfinance,2026-07-14T18:50:27.103795
2021-05-27 00:00:00-04:00,20.5108139703357,20.52475300072165,20.406273901039317,20.441120147705078,313400,0.0,0.0,smartcentres,yfinance,2026-07-14T18:50:27.103795
2021-05-28 00:00:00-04:00,20.57002863709167,20.598052503801036,20.46493546206467,20.506973266601562,540500,0.154,0.0,smartcentres,yfinance,2026-07-14T18:50:27.103795
2021-05-31 00:00:00-04:00,20.605069798400393,20.605069798400393,20.492971599122438,20.52800178527832,174900,0.0,0.0,smartcentres,yfinance,2026-07-14T18:50:27.103795
2021-06-01 00:00:00-04:00,20.49297073828292,20.584050020251855,20.41590272839821,20.478958129882812,404500,0.0,0.0,smartcentres,yfinance,2026-07-14T18:50:27.103795
2021-06-02 00:00:00-04:00,20.443922571589823,20.570033341411285,20.324818104126834,20.556020736694336,439800,0.0,0.0,smartcentres,yfinance,2026-07-14T18:50:27.103795
2021-06-03 00:00:00-04:00,20.513988241382677,20.56303103109748,20.43692023679325,20.45793914794922,194000,0.0,0.0,smartcentres,yfinance,2026-07-14T18:50:27.103795
2021-06-04 00:00:00-04:00,20.506976317953246,20.527993887033787,20.387871860006936,20.47194480895996,169600,0.0,0.0,smartcentres,yfinance,2026-07-14T18:50:27.103795
2021-06-07 00:00:00-04:00,20.492968022120085,20.773213471398755,20.492968022120085,20.724170684814453,424500,0.0,0.0,smartcentres,yfinance,2026-07-14T18:50:27.103795
2021-06-08 00:00:00-04:00,20.780217166764228,20.892315332407435,20.703149176766193,20.850278854370117,268100,0.0,0.0,smartcentres,yfinance,2026-07-14T18:50:27.103795
2021-06-09 00:00:00-04:00,20.920342382580895,20.94135995529094,20.801237904066543,20.829261779785156,920000,0.0,0.0,smartcentres,yfinance,2026-07-14T18:50:27.103795
2021-06-10 00:00:00-04:00,20.892306270383816,20.962367927600514,20.815238313813957,20.941349029541016,190800,0.0,0.0,smartcentres,yfinance,2026-07-14T18:50:27.103795
2021-06-11 00:00:00-04:00,21.018423565167062,21.018423565167062,20.85027633700357,20.857282638549805,298100,0.0,0.0,smartcentres,yfinance,2026-07-14T18:50:27.103795
2021-06-14 00:00:00-04:00,20.92034054197601,20.990400893266358,20.829259947193687,20.850278854370117,297200,0.0,0.0,smartcentres,yfinance,2026-07-14T18:50:27.103795
2021-06-15 00:00:00-04:00,20.899320793172734,21.039444162741678,20.83626541049826,20.934350967407227,277700,0.0,0.0,smartcentres,yfinance,2026-07-14T18:50:27.103795
2021-06-16 00:00:00-04:00,20.920341080608097,20.955371257155186,20.787224004361114,20.822254180908203,292100,0.0,0.0,smartcentres,yfinance,2026-07-14T18:50:27.103795
2021-06-17 00:00:00-04:00,20.773212598465797,20.81524908001221,20.64009551453389,20.675127029418945,335600,0.0,0.0,smartcentres,yfinance,2026-07-14T18:50:27.103795
2021-06-18 00:00:00-04:00,20.654110279204975,20.745190891109992,20.570037307325048,20.731178283691406,656300,0.0,0.0,smartcentres,yfinance,2026-07-14T18:50:27.103795
2021-06-21 00:00:00-04:00,20.780216329933783,20.969382477957204,20.71716094725931,20.934350967407227,325200,0.0,0.0,smartcentres,yfinance,2026-07-14T18:50:27.103795
2021-06-22 00:00:00-04:00,20.87830358804609,21.088488659525776,20.78021802314493,21.039445877075195,318400,0.0,0.0,smartcentres,yfinance,2026-07-14T18:50:27.103795
2021-06-23 00:00:00-04:00,21.05345888506696,21.249631367388073,21.03944761486351,21.13753318786621,284500,0.0,0.0,smartcentres,yfinance,2026-07-14T18:50:27.103795
2021-06-24 00:00:00-04:00,21.123520160095453,21.16555664249892,20.878304896163147,20.906330108642578,402100,0.0,0.0,smartcentres,yfinance,2026-07-14T18:50:27.103795
2021-06-25 00:00:00-04:00,20.920339316966356,21.011418570099906,20.815246123553575,20.864290237426758,345700,0.0,0.0,smartcentres,yfinance,2026-07-14T18:50:27.103795
2021-06-28 00:00:00-04:00,20.906333424558248,20.913339728789364,20.703154610803583,20.794235229492188,247200,0.0,0.0,smartcentres,yfinance,2026-07-14T18:50:27.103795
2021-06-29 00:00:00-04:00,20.790001748534195,20.944940299970202,20.761830370117508,20.76887321472168,452000,0.154,0.0,smartcentres,yfinance,2026-07-14T18:50:27.103795
2021-06-30 00:00:00-04:00,20.69844866650899,20.825217198458983,20.48716867544929,20.684364318847656,614500,0.0,0.0,smartcentres,yfinance,2026-07-14T18:50:27.103795
2021-07-02 00:00:00-04:00,20.754790096179622,20.909730010091582,20.72662005755908,20.818174362182617,469800,0.0,0.0,smartcentres,yfinance,2026-07-14T18:50:27.103795
2021-07-05 00:00:00-04:00,20.754795164210634,21.0153751373291,20.670283684427062,21.0153751373291,277600,0.0,0.0,smartcentres,yfinance,2026-07-14T18:50:27.103795
2021-07-06 00:00:00-04:00,20.966072572351596,21.247779690324837,20.839304033442264,21.219608306884766,835600,0.0,0.0,smartcentres,yfinance,2026-07-14T18:50:27.103795
2021-07-07 00:00:00-04:00,21.15622055385123,21.22664630981254,20.987194978345556,21.078750610351562,560900,0.0,0.0,smartcentres,yfinance,2026-07-14T18:50:27.103795
2021-07-08 00:00:00-04:00,20.881560741820014,21.24778068395385,20.797049274118706,21.226652145385742,530700,0.0,0.0,smartcentres,yfinance,2026-07-14T18:50:27.103795
2021-07-09 00:00:00-04:00,21.254817328454287,21.46609727934627,21.219603107782177,21.43792724609375,403200,0.0,0.0,smartcentres,yfinance,2026-07-14T18:50:27.103795
2021-07-12 00:00:00-04:00,21.44498127009368,21.55062130061276,21.416809878869465,21.494279861450195,193600,0.0,0.0,smartcentres,yfinance,2026-07-14T18:50:27.103795
2021-07-13 00:00:00-04:00,21.578780098926682,21.585822943061107,21.39567018128722,21.43792724609375,429700,0.0,0.0,smartcentres,yfinance,2026-07-14T18:50:27.103795
2021-07-14 00:00:00-04:00,21.374541602004538,21.53652297670574,21.339327383622702,21.45905303955078,199400,0.0,0.0,smartcentres,yfinance,2026-07-14T18:50:27.103795
2021-07-15 00:00:00-04:00,21.437931724947983,21.585827452813998,21.437931724947983,21.48723030090332,195200,0.0,0.0,smartcentres,yfinance,2026-07-14T18:50:27.103795
2021-07-16 00:00:00-04:00,21.536533224851258,21.691471829603525,21.353423231988184,21.37455177307129,304900,0.0,0.0,smartcentres,yfinance,2026-07-14T18:50:27.103795
2021-07-19 00:00:00-04:00,21.268909515850943,21.268909515850943,20.768878175794065,20.804092407226562,591900,0.0,0.0,smartcentres,yfinance,2026-07-14T18:50:27.103795
2021-07-20 00:00:00-04:00,20.775916840860454,21.44497232728703,20.775916840860454,21.297075271606445,670000,0.0,0.0,smartcentres,yfinance,2026-07-14T18:50:27.103795
2021-07-21 00:00:00-04:00,21.30411763008165,21.550611821731387,21.29707478537334,21.409757614135742,387000,0.0,0.0,smartcentres,yfinance,2026-07-14T18:50:27.103795
2021-07-22 00:00:00-04:00,21.381585631312177,21.402712820227723,21.099877241776795,21.17734718322754,213400,0.0,0.0,smartcentres,yfinance,2026-07-14T18:50:27.103795
2021-07-23 00:00:00-04:00,21.177348526830336,21.360458454331734,21.163262837802865,21.27594566345215,231500,0.0,0.0,smartcentres,yfinance,2026-07-14T18:50:27.103795
2021-07-26 00:00:00-04:00,21.282990821954723,21.409759350414358,21.149180791501003,21.247777938842773,265000,0.0,0.0,smartcentres,yfinance,2026-07-14T18:50:27.103795
2021-07-27 00:00:00-04:00,21.409758263405134,21.423843953248912,21.268905394823282,21.325246810913086,234900,0.0,0.0,smartcentres,yfinance,2026-07-14T18:50:27.103795
2021-07-28 00:00:00-04:00,21.311163785209715,21.37454805414517,21.226650978867276,21.290035247802734,263400,0.0,0.0,smartcentres,yfinance,2026-07-14T18:50:27.103795
2021-07-29 00:00:00-04:00,21.44152158468021,21.44152158468021,21.172528489337726,21.229158401489258,225800,0.154,0.0,smartcentres,yfinance,2026-07-14T18:50:27.103795
2021-07-30 00:00:00-04:00,21.17252630806997,21.420282654519546,21.17252630806997,21.34949493408203,273400,0.0,0.0,smartcentres,yfinance,2026-07-14T18:50:27.103795
2021-08-03 00:00:00-04:00,21.349498616952634,21.399049624757595,21.165451052131562,21.215002059936523,243000,0.0,0.0,smartcentres,yfinance,2026-07-14T18:50:27.103795
2021-08-04 00:00:00-04:00,21.29994642401586,21.31410423979059,21.04511114072518,21.10881996154785,287700,0.0,0.0,smartcentres,yfinance,2026-07-14T18:50:27.103795
2021-08-05 00:00:00-04:00,21.236236579737575,21.328259677511138,21.179606669531484,21.28578758239746,163600,0.0,0.0,smartcentres,yfinance,2026-07-14T18:50:27.103795
2021-08-06 00:00:00-04:00,21.34241602702193,21.498149282017163,21.34241602702193,21.34949493408203,221000,0.0,0.0,smartcentres,yfinance,2026-07-14T18:50:27.103795
2021-08-09 00:00:00-04:00,21.448598412981145,21.448598412981145,21.29994540494943,21.335338592529297,178200,0.0,0.0,smartcentres,yfinance,2026-07-14T18:50:27.103795
2021-08-10 00:00:00-04:00,21.299942452368104,21.39904444398514,21.21499692372252,21.31410026550293,162500,0.0,0.0,smartcentres,yfinance,2026-07-14T18:50:27.103795
2021-08-11 00:00:00-04:00,21.377802744815032,21.63263655497275,21.342408222457728,21.568927764892578,228700,0.0,0.0,smartcentres,yfinance,2026-07-14T18:50:27.103795
2021-08-12 00:00:00-04:00,21.625563960792647,21.873320288936622,21.604328591344803,21.618486404418945,315000,0.0,0.0,smartcentres,yfinance,2026-07-14T18:50:27.103795
2021-08-13 00:00:00-04:00,21.660955684332826,21.72466448474088,21.51230136665963,21.540616989135742,199500,0.0,0.0,smartcentres,yfinance,2026-07-14T18:50:27.103795
2021-08-16 00:00:00-04:00,21.519381286006535,21.63264108092,21.420279302998072,21.462751388549805,217200,0.0,0.0,smartcentres,yfinance,2026-07-14T18:50:27.103795
2021-08-17 00:00:00-04:00,21.476906482337803,21.533536372627456,21.2433080161226,21.32117462158203,340200,0.0,0.0,smartcentres,yfinance,2026-07-14T18:50:27.103795
2021-08-18 00:00:00-04:00,21.399047417763438,21.44152086307036,21.31410322747672,21.384889602661133,174000,0.0,0.0,smartcentres,yfinance,2026-07-14T18:50:27.103795
2021-08-19 00:00:00-04:00,21.30702502537293,21.33533930635143,21.009717649198848,21.130056381225586,733400,0.0,0.0,smartcentres,yfinance,2026-07-14T18:50:27.103795
2021-08-20 00:00:00-04:00,21.18668937541952,21.278712489690953,21.03095608181029,21.23624038696289,333500,0.0,0.0,smartcentres,yfinance,2026-07-14T18:50:27.103795
2021-08-23 00:00:00-04:00,21.236236579737575,21.335338585057347,21.137134574417807,21.28578758239746,202300,0.0,0.0,smartcentres,yfinance,2026-07-14T18:50:27.103795
2021-08-24 00:00:00-04:00,21.349496400149757,21.349496400149757,21.09466112914057,21.28578758239746,263900,0.0,0.0,smartcentres,yfinance,2026-07-14T18:50:27.103795
2021-08-25 00:00:00-04:00,21.307028244584217,21.505232291870556,21.20084731208599,21.4202880859375,330300,0.0,0.0,smartcentres,yfinance,2026-07-14T18:50:27.103795
2021-08-26 00:00:00-04:00,21.36364956164076,21.58309024711859,21.36364956164076,21.547697067260742,241600,0.0,0.0,smartcentres,yfinance,2026-07-14T18:50:27.103795
2021-08-27 00:00:00-04:00,21.590167309637113,21.745899177942974,21.554774132801327,21.696348190307617,220100,0.0,0.0,smartcentres,yfinance,2026-07-14T18:50:27.103795
2021-08-30 00:00:00-04:00,21.706311833335253,21.763227706084503,21.606709395269423,21.756113052368164,197800,0.154,0.0,smartcentres,yfinance,2026-07-14T18:50:27.103795
2021-08-31 00:00:00-04:00,21.748998745562886,21.820143926879624,21.663625613567973,21.70631217956543,272900,0.0,0.0,smartcentres,yfinance,2026-07-14T18:50:27.103795
2021-09-01 00:00:00-04:00,21.741885544658576,21.862831953884967,21.684969667198015,21.79880142211914,208800,0.0,0.0,smartcentres,yfinance,2026-07-14T18:50:27.103795
2021-09-02 00:00:00-04:00,21.86994816670734,21.884177476331892,21.62094067620428,21.848604202270508,212700,0.0,0.0,smartcentres,yfinance,2026-07-14T18:50:27.103795
2021-09-03 00:00:00-04:00,21.891293531060867,21.891293531060867,21.68497259925589,21.784576416015625,119300,0.0,0.0,smartcentres,yfinance,2026-07-14T18:50:27.103795
2021-09-07 00:00:00-04:00,21.770347858439838,21.81303443453796,21.507111032374187,21.5497989654541,321400,0.0,0.0,smartcentres,yfinance,2026-07-14T18:50:27.103795
2021-09-08 00:00:00-04:00,21.542678868803836,21.791684963968404,21.485762996054586,21.756113052368164,176500,0.0,0.0,smartcentres,yfinance,2026-07-14T18:50:27.103795
2021-09-09 00:00:00-04:00,21.70632122352108,21.898412886016974,21.670747939550342,21.720550537109375,201900,0.0,0.0,smartcentres,yfinance,2026-07-14T18:50:27.103795
2021-09-10 00:00:00-04:00,21.77034909859456,21.77034909859456,21.492882945696326,21.51422691345215,277200,0.0,0.0,smartcentres,yfinance,2026-07-14T18:50:27.103795
2021-09-13 00:00:00-04:00,21.606717021333672,21.699204838326622,21.464426610748596,21.62094497680664,502600,0.0,0.0,smartcentres,yfinance,2026-07-14T18:50:27.103795
2021-09-14 00:00:00-04:00,21.642283569578186,21.75611532697784,21.514222503258182,21.571138381958008,347500,0.0,0.0,smartcentres,yfinance,2026-07-14T18:50:27.103795
2021-09-15 00:00:00-04:00,21.592486928679794,21.81303583583386,21.492883102076444,21.777463912963867,350700,0.0,0.0,smartcentres,yfinance,2026-07-14T18:50:27.103795
2021-09-16 00:00:00-04:00,21.343476509441068,21.891292732192326,21.343476509441068,21.791688919067383,468600,0.0,0.0,smartcentres,yfinance,2026-07-14T18:50:27.103795
2021-09-17 00:00:00-04:00,21.770342358118725,21.912631361490135,21.72054113908966,21.89128875732422,515100,0.0,0.0,smartcentres,yfinance,2026-07-14T18:50:27.103795
2021-09-20 00:00:00-04:00,21.813038360410562,21.827267673998165,21.364825838257264,21.49288558959961,556300,0.0,0.0,smartcentres,yfinance,2026-07-14T18:50:27.103795
2021-09-21 00:00:00-04:00,21.592484006780882,21.9197499952411,21.549797433716876,21.791688919067383,345700,0.0,0.0,smartcentres,yfinance,2026-07-14T18:50:27.103795
2021-09-22 00:00:00-04:00,21.848603957938185,22.026466255311103,21.791688077058115,21.8557186126709,389300,0.0,0.0,smartcentres,yfinance,2026-07-14T18:50:27.103795
2021-09-23 00:00:00-04:00,21.82015037536621,22.0051273586632,21.78457845268604,21.82015037536621,274200,0.0,0.0,smartcentres,yfinance,2026-07-14T18:50:27.103795
2021-09-24 00:00:00-04:00,21.777471922683223,21.848615794589804,21.706326693794264,21.727670669555664,198900,0.0,0.0,smartcentres,yfinance,2026-07-14T18:50:27.103795
2021-09-27 00:00:00-04:00,21.827263648896995,21.827263648896995,21.613828055388044,21.670743942260742,386300,0.0,0.0,smartcentres,yfinance,2026-07-14T18:50:27.103795
2021-09-28 00:00:00-04:00,21.72365878632589,21.72365878632589,21.366126538359598,21.3875789642334,452500,0.154,0.0,smartcentres,yfinance,2026-07-14T18:50:27.103795
2021-09-29 00:00:00-04:00,21.451934877977514,21.52344160034623,21.366126538359598,21.3875789642334,273900,0.0,0.0,smartcentres,yfinance,2026-07-14T18:50:27.103795
2021-09-30 00:00:00-04:00,21.380433796303933,21.480543779582575,21.094408195245624,21.208818435668945,579700,0.0,0.0,smartcentres,yfinance,2026-07-14T18:50:27.103795
2021-10-01 00:00:00-04:00,21.244565362008956,21.43048229323849,21.11585489935215,21.394729614257812,422500,0.0,0.0,smartcentres,yfinance,2026-07-14T18:50:27.103795
2021-10-04 00:00:00-04:00,21.280321053183666,21.358978589686494,21.087253298428028,21.344676971435547,316200,0.0,0.0,smartcentres,yfinance,2026-07-14T18:50:27.103795
2021-10-05 00:00:00-04:00,21.230265266124054,21.459085686602116,21.094402630011224,21.3875789642334,502700,0.0,0.0,smartcentres,yfinance,2026-07-14T18:50:27.103795
2021-10-06 00:00:00-04:00,21.358977252053347,21.394729931564274,21.123006021200247,21.380428314208984,460200,0.0,0.0,smartcentres,yfinance,2026-07-14T18:50:27.103795
2021-10-07 00:00:00-04:00,21.38757672863979,21.773712170742645,21.38757672863979,21.58779525756836,513000,0.0,0.0,smartcentres,yfinance,2026-07-14T18:50:27.103795
2021-10-08 00:00:00-04:00,21.57349199827632,21.723654860625,21.480534230709573,21.637847900390625,464500,0.0,0.0,smartcentres,yfinance,2026-07-14T18:50:27.103795
2021-10-12 00:00:00-04:00,21.666456398337896,21.84522254473962,21.573498602315084,21.780866622924805,524500,0.0,0.0,smartcentres,yfinance,2026-07-14T18:50:27.103795
2021-10-13 00:00:00-04:00,21.866668543160365,22.088338117628346,21.709354871582615,22.059736251831055,385200,0.0,0.0,smartcentres,yfinance,2026-07-14T18:50:27.103795
2021-10-14 00:00:00-04:00,22.116940064554004,22.13839112168858,21.995379073242486,22.031131744384766,300700,0.0,0.0,smartcentres,yfinance,2026-07-14T18:50:27.103795
2021-10-15 00:00:00-04:00,22.066887374344308,22.09548924055001,21.880970470437486,22.045434951782227,369400,0.0,0.0,smartcentres,yfinance,2026-07-14T18:50:27.103795
2021-10-18 00:00:00-04:00,21.988237230630943,22.124099891340066,21.923881305235966,22.1169490814209,293900,0.0,0.0,smartcentres,yfinance,2026-07-14T18:50:27.103795
2021-10-19 00:00:00-04:00,22.131243793029668,22.43157089650046,22.09548975459439,22.33146095275879,491200,0.0,0.0,smartcentres,yfinance,2026-07-14T18:50:27.103795
2021-10-20 00:00:00-04:00,22.37436521850212,22.51737727690225,22.238502603726484,22.481624603271484,171300,0.0,0.0,smartcentres,yfinance,2026-07-14T18:50:27.103795
2021-10-21 00:00:00-04:00,22.417270976807472,22.503077947788512,22.388667743895653,22.402969360351562,165400,0.0,0.0,smartcentres,yfinance,2026-07-14T18:50:27.103795
2021-10-22 00:00:00-04:00,22.45302550028805,22.67469511807277,22.45302550028805,22.467327117919922,359200,0.0,0.0,smartcentres,yfinance,2026-07-14T18:50:27.103795
2021-10-25 00:00:00-04:00,22.553127757866854,22.57457881311173,22.331456851906147,22.531675338745117,209700,0.0,0.0,smartcentres,yfinance,2026-07-14T18:50:27.103795
2021-10-26 00:00:00-04:00,22.567443612840023,22.596046858115724,22.467334982130676,22.51738929748535,185200,0.0,0.0,smartcentres,yfinance,2026-07-14T18:50:27.103795
2021-10-27 00:00:00-04:00,22.581737743654443,22.660395278189025,22.481629146157598,22.510231018066406,307500,0.0,0.0,smartcentres,yfinance,2026-07-14T18:50:27.103795
2021-10-28 00:00:00-04:00,22.556216905067455,22.6208891893215,22.362201422887363,22.520288467407227,396900,0.154,0.0,smartcentres,yfinance,2026-07-14T18:50:27.103795
2021-10-29 00:00:00-04:00,22.491548955718848,22.56340721547094,22.319089954663216,22.412506103515625,270800,0.0,0.0,smartcentres,yfinance,2026-07-14T18:50:27.103795
2021-11-01 00:00:00-04:00,22.42687585370493,22.505920073652174,22.2184884155471,22.484363555908203,299000,0.0,0.0,smartcentres,yfinance,2026-07-14T18:50:27.103795
2021-11-02 00:00:00-04:00,22.52747806952661,22.577778438612352,22.3406471482208,22.45561981201172,254000,0.0,0.0,smartcentres,yfinance,2026-07-14T18:50:27.103795
2021-11-03 00:00:00-04:00,22.628074145810217,22.76460466990195,22.520287467035473,22.73586082458496,320500,0.0,0.0,smartcentres,yfinance,2026-07-14T18:50:27.103795
2021-11-04 00:00:00-04:00,22.778974044950086,22.987361417864193,22.735858281796688,22.886760711669922,184100,0.0,0.0,smartcentres,yfinance,2026-07-14T18:50:27.103795
2021-11-05 00:00:00-04:00,22.958619335687768,23.23168035796268,22.886761099795326,23.2244930267334,386000,0.0,0.0,smartcentres,yfinance,2026-07-14T18:50:27.103795
2021-11-08 00:00:00-05:00,23.23887347787663,23.260429997149405,22.90832601967641,23.052043914794922,472800,0.0,0.0,smartcentres,yfinance,2026-07-14T18:50:27.103795
2021-11-09 00:00:00-05:00,23.10952977420233,23.181386668668768,23.073601326969108,23.145458221435547,423600,0.0,0.0,smartcentres,yfinance,2026-07-14T18:50:27.103795
2021-11-10 00:00:00-05:00,23.18137642872836,23.18137642872836,23.030475372307674,23.10233497619629,221600,0.0,0.0,smartcentres,yfinance,2026-07-14T18:50:27.103795
2021-11-11 00:00:00-05:00,23.353840988566468,23.353840988566468,22.93706480420918,23.10952377319336,240500,0.0,0.0,smartcentres,yfinance,2026-07-14T18:50:27.103795
2021-11-12 00:00:00-05:00,23.145450882396396,23.260423521785672,23.080778601417183,23.181379318237305,190000,0.0,0.0,smartcentres,yfinance,2026-07-14T18:50:27.103795
2021-11-15 00:00:00-05:00,23.224496419182817,23.2676121893654,23.095151849799166,23.10952377319336,217100,0.0,0.0,smartcentres,yfinance,2026-07-14T18:50:27.103795
2021-11-16 00:00:00-05:00,23.18856994799697,23.18856994799697,23.030481518416803,23.09515380859375,168600,0.0,0.0,smartcentres,yfinance,2026-07-14T18:50:27.103795
2021-11-17 00:00:00-05:00,23.10234106657023,23.10234106657023,22.836465944418006,23.001737594604492,195400,0.0,0.0,smartcentres,yfinance,2026-07-14T18:50:27.103795
2021-11-18 00:00:00-05:00,23.023298424349154,23.116711828664545,22.9586261299653,22.980182647705078,251300,0.0,0.0,smartcentres,yfinance,2026-07-14T18:50:27.103795
2021-11-19 00:00:00-05:00,22.929878047219262,23.059222612116763,22.75741908421659,22.865205764770508,455600,0.0,0.0,smartcentres,yfinance,2026-07-14T18:50:27.103795
2021-11-22 00:00:00-05:00,22.937065182353734,23.00892342992732,22.49154514386313,22.606517791748047,461800,0.0,0.0,smartcentres,yfinance,2026-07-14T18:50:27.103795
2021-11-23 00:00:00-05:00,22.599335519351005,22.692750291374175,22.412504604722454,22.527477264404297,422800,0.0,0.0,smartcentres,yfinance,2026-07-14T18:50:27.103795
2021-11-24 00:00:00-05:00,22.49154477399756,22.80772023577272,22.405315974792916,22.79334831237793,244200,0.0,0.0,smartcentres,yfinance,2026-07-14T18:50:27.103795
2021-11-25 00:00:00-05:00,22.793351727327526,22.980182647705078,22.793351727327526,22.980182647705078,89100,0.0,0.0,smartcentres,yfinance,2026-07-14T18:50:27.103795
2021-11-26 00:00:00-05:00,22.491547616254593,22.63526412719986,22.182559447712045,22.290346145629883,382100,0.0,0.0,smartcentres,yfinance,2026-07-14T18:50:27.103795
2021-11-29 00:00:00-05:00,22.65431714029194,22.65431714029194,22.22823967099107,22.387115478515625,244200,0.154,0.0,smartcentres,yfinance,2026-07-14T18:50:27.103795
2021-11-30 00:00:00-05:00,22.21379723720966,22.235462684711663,21.376085884353035,21.534961700439453,681600,0.0,0.0,smartcentres,yfinance,2026-07-14T18:50:27.103795
2021-12-01 00:00:00-05:00,21.910482117527952,22.09824514774609,21.39052391052246,21.39052391052246,442600,0.0,0.0,smartcentres,yfinance,2026-07-14T18:50:27.103795
2021-12-02 00:00:00-05:00,21.455520086574314,21.98270154895895,21.43385601953928,21.8815975189209,319900,0.0,0.0,smartcentres,yfinance,2026-07-14T18:50:27.103795
2021-12-03 00:00:00-05:00,21.953812182387207,22.02602894621951,21.599951554771156,21.86715316772461,303600,0.0,0.0,smartcentres,yfinance,2026-07-14T18:50:27.103795
2021-12-06 00:00:00-05:00,21.888821689123354,22.408781392640684,21.881599873527783,22.35822868347168,364400,0.0,0.0,smartcentres,yfinance,2026-07-14T18:50:27.103795
2021-12-07 00:00:00-05:00,22.5098810724634,22.553210582873046,22.34378346804285,22.39433479309082,272400,0.0,0.0,smartcentres,yfinance,2026-07-14T18:50:27.103795
2021-12-08 00:00:00-05:00,22.394337460853794,22.488218307495117,22.235461652145222,22.488218307495117,140000,0.0,0.0,smartcentres,yfinance,2026-07-14T18:50:27.103795
2021-12-09 00:00:00-05:00,22.423223646411348,22.48099679375544,22.329342798509874,22.35822868347168,165300,0.0,0.0,smartcentres,yfinance,2026-07-14T18:50:27.103795
2021-12-10 00:00:00-05:00,22.423222732502882,22.4737754396115,22.278790558739544,22.329341888427734,248200,0.0,0.0,smartcentres,yfinance,2026-07-14T18:50:27.103795
2021-12-13 00:00:00-05:00,22.257127763384823,22.48822037086278,22.192132795354073,22.42322540283203,383200,0.0,0.0,smartcentres,yfinance,2026-07-14T18:50:27.103795
2021-12-14 00:00:00-05:00,22.264340038164008,22.517097985806338,22.170459223141428,22.257118225097656,256200,0.0,0.0,smartcentres,yfinance,2026-07-14T18:50:27.103795
2021-12-15 00:00:00-05:00,22.170462025684632,22.48099176227149,22.14879658374687,22.459327697753906,304100,0.0,0.0,smartcentres,yfinance,2026-07-14T18:50:27.103795
2021-12-16 00:00:00-05:00,22.495434072398456,22.65431121579432,22.329336492866503,22.452104568481445,350800,0.0,0.0,smartcentres,yfinance,2026-07-14T18:50:27.103795
2021-12-17 00:00:00-05:00,22.444885200965203,22.870962605273256,22.401555692326152,22.84207534790039,2286400,0.0,0.0,smartcentres,yfinance,2026-07-14T18:50:27.103795
2021-12-20 00:00:00-05:00,22.495434144391286,22.719304855669076,22.098244039470675,22.221012115478516,455200,0.0,0.0,smartcentres,yfinance,2026-07-14T18:50:27.103795
2021-12-21 00:00:00-05:00,22.37989065232838,22.834855322202603,22.37989065232838,22.73375129699707,287200,0.0,0.0,smartcentres,yfinance,2026-07-14T18:50:27.103795
2021-12-22 00:00:00-05:00,22.733752913448043,22.86374282836914,22.668757955987495,22.86374282836914,165100,0.0,0.0,smartcentres,yfinance,2026-07-14T18:50:27.103795
2021-12-23 00:00:00-05:00,22.892629623413086,23.029839973114115,22.813191037592237,22.892629623413086,141300,0.0,0.0,smartcentres,yfinance,2026-07-14T18:50:27.103795
2021-12-24 00:00:00-05:00,22.96484210989507,23.022615243882196,22.921512603759766,22.921512603759766,42900,0.0,0.0,smartcentres,yfinance,2026-07-14T18:50:27.103795
2021-12-29 00:00:00-05:00,23.029833190772337,23.2464820624906,22.943174193053007,23.239261627197266,248800,0.0,0.0,smartcentres,yfinance,2026-07-14T18:50:27.103795
2021-12-30 00:00:00-05:00,23.271192420286077,23.423575617958377,23.26393726386284,23.30021858215332,148600,0.154,0.0,smartcentres,yfinance,2026-07-14T18:50:27.103795
2021-12-31 00:00:00-05:00,23.28571180361845,23.387300629562194,23.169609892813043,23.358274459838867,141900,0.0,0.0,smartcentres,yfinance,2026-07-14T18:50:27.103795
2022-01-04 00:00:00-05:00,23.4235821948215,23.503402778324833,23.126072256408996,23.14784049987793,305700,0.0,0.0,smartcentres,yfinance,2026-07-14T18:50:27.103795
2022-01-05 00:00:00-05:00,23.15509390478032,23.220401394425643,22.734224184868104,22.76325035095215,375400,0.0,0.0,smartcentres,yfinance,2026-07-14T18:50:27.103795
2022-01-06 00:00:00-05:00,22.806794383276358,22.90838322395385,22.705205542598865,22.850332260131836,238100,0.0,0.0,smartcentres,yfinance,2026-07-14T18:50:27.103795
2022-01-07 00:00:00-05:00,22.93014749964456,22.98819844991024,22.785019431958446,22.951915740966797,183400,0.0,0.0,smartcentres,yfinance,2026-07-14T18:50:27.103795
2022-01-10 00:00:00-05:00,22.93740193779361,22.97368325936578,22.785017342294335,22.901119232177734,269500,0.0,0.0,smartcentres,yfinance,2026-07-14T18:50:27.103795
2022-01-11 00:00:00-05:00,22.901117531353467,23.068015196703907,22.80678527184548,23.046245574951172,297400,0.0,0.0,smartcentres,yfinance,2026-07-14T18:50:27.103795
2022-01-12 00:00:00-05:00,23.14783642480093,23.14783642480093,22.995453211168936,23.017221450805664,180500,0.0,0.0,smartcentres,yfinance,2026-07-14T18:50:27.103795
2022-01-13 00:00:00-05:00,23.06076266590268,23.111557074780876,22.973685547794453,23.097043991088867,316400,0.0,0.0,smartcentres,yfinance,2026-07-14T18:50:27.103795
2022-01-14 00:00:00-05:00,23.002712926720356,23.082532123142776,22.785020812005968,22.87935447692871,393100,0.0,0.0,smartcentres,yfinance,2026-07-14T18:50:27.103795
2022-01-17 00:00:00-05:00,23.18411667097233,23.18411667097233,22.828553108804158,22.944656372070312,149400,0.0,0.0,smartcentres,yfinance,2026-07-14T18:50:27.103795
2022-01-18 00:00:00-05:00,22.828552669819388,23.15509006388093,22.741476954098673,23.11880874633789,281700,0.0,0.0,smartcentres,yfinance,2026-07-14T18:50:27.103795
2022-01-19 00:00:00-05:00,23.147834894603182,23.147834894603182,22.8503236441894,22.857580184936523,326700,0.0,0.0,smartcentres,yfinance,2026-07-14T18:50:27.103795
2022-01-20 00:00:00-05:00,22.93014605925312,23.046247952491363,22.75599321939575,22.777761459350586,215700,0.0,0.0,smartcentres,yfinance,2026-07-14T18:50:27.103795
2022-01-21 00:00:00-05:00,22.661661379578636,22.661661379578636,22.255304720726684,22.35689353942871,360700,0.0,0.0,smartcentres,yfinance,2026-07-14T18:50:27.103795
2022-01-24 00:00:00-05:00,22.08840434550219,22.1029160426159,21.094280430924492,21.870712280273438,754800,0.0,0.0,smartcentres,yfinance,2026-07-14T18:50:27.103795
2022-01-25 00:00:00-05:00,21.819924063228964,22.030359647508753,21.391797736078477,21.7908992767334,584700,0.0,0.0,smartcentres,yfinance,2026-07-14T18:50:27.103795
2022-01-26 00:00:00-05:00,22.0376121284844,22.335123401461825,21.906997153217482,22.00132942199707,471000,0.0,0.0,smartcentres,yfinance,2026-07-14T18:50:27.103795
2022-01-27 00:00:00-05:00,22.102918232074124,22.24804628993597,21.827176582989093,22.00132942199707,532000,0.0,0.0,smartcentres,yfinance,2026-07-14T18:50:27.103795
2022-01-28 00:00:00-05:00,21.95319244160844,22.354329947950838,21.872964383896225,22.347036361694336,406300,0.154,0.0,smartcentres,yfinance,2026-07-14T18:50:27.103795
2022-01-31 00:00:00-05:00,22.25951484352157,22.63877296064535,22.23034050015393,22.41996955871582,1299500,0.0,0.0,smartcentres,yfinance,2026-07-14T18:50:27.103795
2022-02-01 00:00:00-05:00,22.478327245318884,22.609609068941936,22.310578866738272,22.50750160217285,366500,0.0,0.0,smartcentres,yfinance,2026-07-14T18:50:27.103795
2022-02-02 00:00:00-05:00,22.514787272234738,22.726295720592294,22.485612925642297,22.522079467773438,451700,0.0,0.0,smartcentres,yfinance,2026-07-14T18:50:27.103795
2022-02-03 00:00:00-05:00,22.40538394798094,22.529372133712968,22.310570107649088,22.33245086669922,249400,0.0,0.0,smartcentres,yfinance,2026-07-14T18:50:27.103795
2022-02-04 00:00:00-05:00,22.368912587913368,22.40537912069744,22.106349100319054,22.23763084411621,331700,0.0,0.0,smartcentres,yfinance,2026-07-14T18:50:27.103795
2022-02-07 00:00:00-05:00,22.412678357106838,22.558547307243884,22.179289149775087,22.230342864990234,411000,0.0,0.0,smartcentres,yfinance,2026-07-14T18:50:27.103795
2022-02-08 00:00:00-05:00,22.25951639430814,22.398090361630896,22.142821794926157,22.33245086669922,305300,0.0,0.0,smartcentres,yfinance,2026-07-14T18:50:27.103795
2022-02-09 00:00:00-05:00,22.463732109373225,22.551253757821694,22.3543310921447,22.485612869262695,281500,0.0,0.0,smartcentres,yfinance,2026-07-14T18:50:27.103795
2022-02-10 00:00:00-05:00,22.390798968969552,22.697122651104507,22.3762117957466,22.449146270751953,364200,0.0,0.0,smartcentres,yfinance,2026-07-14T18:50:27.103795
2022-02-11 00:00:00-05:00,22.62418356545457,22.74817173036296,22.274099826104692,22.368913650512695,412800,0.0,0.0,smartcentres,yfinance,2026-07-14T18:50:27.103795
2022-02-14 00:00:00-05:00,22.215756263211762,22.565841474324056,22.2084640675158,22.26681137084961,256000,0.0,0.0,smartcentres,yfinance,2026-07-14T18:50:27.103795
2022-02-15 00:00:00-05:00,22.500201007474086,22.71170946437214,22.383506398611132,22.646068572998047,278900,0.0,0.0,smartcentres,yfinance,2026-07-14T18:50:27.103795
2022-02-16 00:00:00-05:00,22.646068770235406,22.945098881939835,22.646068770235406,22.879459381103516,327700,0.0,0.0,smartcentres,yfinance,2026-07-14T18:50:27.103795
2022-02-17 00:00:00-05:00,22.784636725594893,23.076373155343997,22.784636725594893,22.9232120513916,278600,0.0,0.0,smartcentres,yfinance,2026-07-14T18:50:27.103795
2022-02-18 00:00:00-05:00,22.872158350074137,23.12013466313813,22.872158350074137,22.9232120513916,348100,0.0,0.0,smartcentres,yfinance,2026-07-14T18:50:27.103795
2022-02-22 00:00:00-05:00,22.718997019218456,23.178483136839468,22.616889611351166,23.06178855895996,357600,0.0,0.0,smartcentres,yfinance,2026-07-14T18:50:27.103795
2022-02-23 00:00:00-05:00,23.185781878990433,23.39729171788573,23.156607532476844,23.244129180908203,410500,0.0,0.0,smartcentres,yfinance,2026-07-14T18:50:27.103795
2022-02-24 00:00:00-05:00,22.74088114028055,23.207659520889845,22.697121014875755,23.06908416748047,404900,0.0,0.0,smartcentres,yfinance,2026-07-14T18:50:27.103795
2022-02-25 00:00:00-05:00,23.181950071783447,23.43846893310547,23.05002740399515,23.43846893310547,307700,0.154,0.0,smartcentres,yfinance,2026-07-14T18:50:27.103795
2022-02-28 00:00:00-05:00,23.130649524000148,23.350523460804745,23.130649524000148,23.31387710571289,280100,0.0,0.0,smartcentres,yfinance,2026-07-14T18:50:27.103795
2022-03-01 00:00:00-05:00,23.372505294282455,23.43113805302026,23.10132930933833,23.394493103027344,501700,0.0,0.0,smartcentres,yfinance,2026-07-14T18:50:27.103795
2022-03-02 00:00:00-05:00,23.39449435570492,23.672999625143476,23.321203053879415,23.497102737426758,358500,0.0,0.0,smartcentres,yfinance,2026-07-14T18:50:27.103795
2022-03-03 00:00:00-05:00,23.53374915606555,23.60703906454336,23.343192318609365,23.59238052368164,349300,0.0,0.0,smartcentres,yfinance,2026-07-14T18:50:27.103795
2022-03-04 00:00:00-05:00,23.504438754113274,23.680338498612418,23.445805971918826,23.555742263793945,401500,0.0,0.0,smartcentres,yfinance,2026-07-14T18:50:27.103795
2022-03-07 00:00:00-05:00,23.50443308025617,23.643685030655863,23.372509002685547,23.372509002685547,281400,0.0,0.0,smartcentres,yfinance,2026-07-14T18:50:27.103795
2022-03-08 00:00:00-05:00,23.321212320939235,23.482453528610204,23.10866899889459,23.247920989990234,331600,0.0,0.0,smartcentres,yfinance,2026-07-14T18:50:27.103795
2022-03-09 00:00:00-05:00,23.453134518203164,23.643690005997705,23.431146701342676,23.563072204589844,597800,0.0,0.0,smartcentres,yfinance,2026-07-14T18:50:27.103795
2022-03-10 00:00:00-05:00,23.431146729757,23.841576192906864,23.350527530335622,23.82691764831543,396000,0.0,0.0,smartcentres,yfinance,2026-07-14T18:50:27.103795
2022-03-11 00:00:00-05:00,23.929521129101037,24.24467276485419,23.929521129101037,24.134735107421875,208900,0.0,0.0,smartcentres,yfinance,2026-07-14T18:50:27.103795
2022-03-14 00:00:00-04:00,24.252005000650136,24.29598063070119,23.709650080012196,23.74629783630371,258900,0.0,0.0,smartcentres,yfinance,2026-07-14T18:50:27.103795
2022-03-15 00:00:00-04:00,23.856230962474278,24.01014146258218,23.6143720045663,23.753623962402344,243700,0.0,0.0,smartcentres,yfinance,2026-07-14T18:50:27.103795
2022-03-16 00:00:00-04:00,23.746290206709507,24.039452592030756,23.687656052147034,23.92951774597168,272600,0.0,0.0,smartcentres,yfinance,2026-07-14T18:50:27.103795
2022-03-17 00:00:00-04:00,23.936855731514132,24.3033109648783,23.929527857012733,24.288652420043945,290500,0.0,0.0,smartcentres,yfinance,2026-07-14T18:50:27.103795
2022-03-18 00:00:00-04:00,24.53783786806041,24.53783786806041,24.259331155796623,24.34728240966797,702900,0.0,0.0,smartcentres,yfinance,2026-07-14T18:50:27.103795
2022-03-21 00:00:00-04:00,24.50119213124155,24.515850673087407,24.134736972588016,24.208026885986328,216900,0.0,0.0,smartcentres,yfinance,2026-07-14T18:50:27.103795
2022-03-22 00:00:00-04:00,24.23001815089743,24.501194208458738,24.23001815089743,24.435232162475586,188800,0.0,0.0,smartcentres,yfinance,2026-07-14T18:50:27.103795
2022-03-23 00:00:00-04:00,24.376595352258,24.479205142774592,24.222684860229492,24.222684860229492,213700,0.0,0.0,smartcentres,yfinance,2026-07-14T18:50:27.103795
2022-03-24 00:00:00-04:00,24.20803269224334,24.28865329381679,23.951515137992946,24.024805068969727,215400,0.0,0.0,smartcentres,yfinance,2026-07-14T18:50:27.103795
2022-03-25 00:00:00-04:00,24.10541726546981,24.244671999934692,24.032127360047742,24.215354919433594,221100,0.0,0.0,smartcentres,yfinance,2026-07-14T18:50:27.103795
2022-03-28 00:00:00-04:00,24.127411084498828,24.31796937042237,24.05412115657841,24.17138671875,290900,0.0,0.0,smartcentres,yfinance,2026-07-14T18:50:27.103795
2022-03-29 00:00:00-04:00,24.361941835430272,24.5011937986964,24.22268707633297,24.457218170166016,393600,0.0,0.0,smartcentres,yfinance,2026-07-14T18:50:27.103795
2022-03-30 00:00:00-04:00,24.40862550635524,24.482255225621564,24.320266472683155,24.342357635498047,142900,0.154,0.0,smartcentres,yfinance,2026-07-14T18:50:27.103795
2022-03-31 00:00:00-04:00,24.30554090311256,24.430714801238437,24.165643307601385,24.17300796508789,279500,0.0,0.0,smartcentres,yfinance,2026-07-14T18:50:27.103795
2022-04-01 00:00:00-04:00,24.12146371195833,24.37180869861599,24.069922344892976,24.276090621948242,339700,0.0,0.0,smartcentres,yfinance,2026-07-14T18:50:27.103795
2022-04-04 00:00:00-04:00,24.37180576918673,24.37180576918673,23.97420138658701,24.055192947387695,234500,0.0,0.0,smartcentres,yfinance,2026-07-14T18:50:27.103795
2022-04-05 00:00:00-04:00,24.077279250325315,24.202450298956578,23.98892305077425,24.040464401245117,182700,0.0,0.0,smartcentres,yfinance,2026-07-14T18:50:27.103795
2022-04-06 00:00:00-04:00,23.893205951070527,23.900567798526343,23.657587509377084,23.76803207397461,277100,0.0,0.0,smartcentres,yfinance,2026-07-14T18:50:27.103795
2022-04-07 00:00:00-04:00,23.679678230486935,23.775399109752925,23.407244906661525,23.709131240844727,455600,0.0,0.0,smartcentres,yfinance,2026-07-14T18:50:27.103795
2022-04-08 00:00:00-04:00,23.790123515927277,24.099371671018105,23.775397012047705,24.01837730407715,234000,0.0,0.0,smartcentres,yfinance,2026-07-14T18:50:27.103795
2022-04-11 00:00:00-04:00,23.9668345589094,24.084643774339757,23.797483987277843,23.85638999938965,309800,0.0,0.0,smartcentres,yfinance,2026-07-14T18:50:27.103795
2022-04-12 00:00:00-04:00,23.79748078343566,23.959469486141415,23.561862384296127,23.657583236694336,381800,0.0,0.0,smartcentres,yfinance,2026-07-14T18:50:27.103795
2022-04-13 00:00:00-04:00,23.790126327329844,24.01838014245365,23.709131950817365,23.849029541015625,205900,0.0,0.0,smartcentres,yfinance,2026-07-14T18:50:27.103795
2022-04-14 00:00:00-04:00,23.9079331320976,24.04046886040413,23.841665267944336,23.841665267944336,111600,0.0,0.0,smartcentres,yfinance,2026-07-14T18:50:27.103795
2022-04-18 00:00:00-04:00,23.67231292473014,24.033102418138554,23.67231292473014,23.85638999938965,106200,0.0,0.0,smartcentres,yfinance,2026-07-14T18:50:27.103795
2022-04-19 00:00:00-04:00,23.952113353226746,24.26872621636793,23.893210136880924,24.253999710083008,150800,0.0,0.0,smartcentres,yfinance,2026-07-14T18:50:27.103795
2022-04-20 00:00:00-04:00,24.290817857942194,24.334994568871956,24.17300861413961,24.195096969604492,240800,0.0,0.0,smartcentres,yfinance,2026-07-14T18:50:27.103795
2022-04-21 00:00:00-04:00,24.298173936363213,24.298173936363213,23.930019785812256,23.974199295043945,185600,0.0,0.0,smartcentres,yfinance,2026-07-14T18:50:27.103795
2022-04-22 00:00:00-04:00,23.974203166310602,23.974203166310602,23.74594654494539,23.819576263427734,204500,0.0,0.0,smartcentres,yfinance,2026-07-14T18:50:27.103795
2022-04-25 00:00:00-04:00,23.532410734750837,23.760667300883384,23.326245325852433,23.598678588867188,269500,0.0,0.0,smartcentres,yfinance,2026-07-14T18:50:27.103795
2022-04-26 00:00:00-04:00,23.576591765315356,23.75330418185969,23.230525970458984,23.230525970458984,342500,0.0,0.0,smartcentres,yfinance,2026-07-14T18:50:27.103795
2022-04-27 00:00:00-04:00,23.267351038680008,23.466154689172225,23.230534767627482,23.3115291595459,264000,0.0,0.0,smartcentres,yfinance,2026-07-14T18:50:27.103795
2022-04-28 00:00:00-04:00,23.506858552530925,23.810220475124808,23.41806904313842,23.691835403442383,230600,0.154,0.0,smartcentres,yfinance,2026-07-14T18:50:27.103795
2022-04-29 00:00:00-04:00,23.640039697152815,23.728827786217973,23.151700973510742,23.151700973510742,526100,0.0,0.0,smartcentres,yfinance,2026-07-14T18:50:27.103795
2022-05-02 00:00:00-04:00,23.055517526129716,23.15170629118182,22.18242645263672,22.18242645263672,448400,0.0,0.0,smartcentres,yfinance,2026-07-14T18:50:27.103795
2022-05-03 00:00:00-04:00,22.33780776108183,22.530183879924486,22.138032397907356,22.18242645263672,628300,0.0,0.0,smartcentres,yfinance,2026-07-14T18:50:27.103795
2022-05-04 00:00:00-04:00,22.24161452432881,22.55237566747861,22.03444136973646,22.493183135986328,289200,0.0,0.0,smartcentres,yfinance,2026-07-14T18:50:27.103795
2022-05-05 00:00:00-04:00,22.470984250181573,22.530176774907886,22.064034407834697,22.19721794128418,422400,0.0,0.0,smartcentres,yfinance,2026-07-14T18:50:27.103795
2022-05-06 00:00:00-04:00,22.18981918090355,22.197218423062576,21.782870740985196,21.849462509155273,328500,0.0,0.0,smartcentres,yfinance,2026-07-14T18:50:27.103795
2022-05-09 00:00:00-04:00,21.679293775062145,21.708890758733457,21.183555588662532,21.205753326416016,602000,0.0,0.0,smartcentres,yfinance,2026-07-14T18:50:27.103795
2022-05-10 00:00:00-04:00,21.34632696024404,21.49430758092571,20.75440024373362,20.798795700073242,560900,0.0,0.0,smartcentres,yfinance,2026-07-14T18:50:27.103795
2022-05-11 00:00:00-04:00,20.850590641206185,21.338929409574504,20.754401889437702,20.93937873840332,338700,0.0,0.0,smartcentres,yfinance,2026-07-14T18:50:27.103795
2022-05-12 00:00:00-04:00,21.094765989583298,21.398127994756546,20.828398800158297,21.079967498779297,423800,0.0,0.0,smartcentres,yfinance,2026-07-14T18:50:27.103795
2022-05-13 00:00:00-04:00,21.19094730064028,21.72368152722798,20.998571208957095,21.590497970581055,372200,0.0,0.0,smartcentres,yfinance,2026-07-14T18:50:27.103795
2022-05-16 00:00:00-04:00,21.472109372409637,21.78287048310395,21.472109372409637,21.686681747436523,282600,0.0,0.0,smartcentres,yfinance,2026-07-14T18:50:27.103795
2022-05-17 00:00:00-04:00,22.189822531586877,22.189822531586877,21.612694257386348,21.916057586669922,261200,0.0,0.0,smartcentres,yfinance,2026-07-14T18:50:27.103795
2022-05-18 00:00:00-04:00,21.827266311171478,21.97524834219239,21.56089921983833,21.649688720703125,234700,0.0,0.0,smartcentres,yfinance,2026-07-14T18:50:27.103795
2022-05-19 00:00:00-04:00,21.583097976777246,21.72368077182284,21.43511593870175,21.494308471679688,373900,0.0,0.0,smartcentres,yfinance,2026-07-14T18:50:27.103795
2022-05-20 00:00:00-04:00,21.664491852692056,21.664491852692056,21.198349342880064,21.375926971435547,233800,0.0,0.0,smartcentres,yfinance,2026-07-14T18:50:27.103795
2022-05-24 00:00:00-04:00,21.62009432159099,21.62009432159099,21.131755536902386,21.361127853393555,188900,0.0,0.0,smartcentres,yfinance,2026-07-14T18:50:27.103795
2022-05-25 00:00:00-04:00,21.516511686953105,21.516511686953105,21.264943004837686,21.420324325561523,276300,0.0,0.0,smartcentres,yfinance,2026-07-14T18:50:27.103795
2022-05-26 00:00:00-04:00,21.531308268997687,21.553504590518905,21.39812469482422,21.39812469482422,178400,0.0,0.0,smartcentres,yfinance,2026-07-14T18:50:27.103795
2022-05-27 00:00:00-04:00,21.4721164051504,21.84207016232558,21.45731791616061,21.753280639648438,361600,0.0,0.0,smartcentres,yfinance,2026-07-14T18:50:27.103795
2022-05-30 00:00:00-04:00,21.927323367146624,21.949637979342256,21.75624892972385,21.763687133789062,119300,0.154,0.0,smartcentres,yfinance,2026-07-14T18:50:27.103795
2022-05-31 00:00:00-04:00,21.845512261417806,21.897578286201,21.622370331170547,21.882701873779297,337600,0.0,0.0,smartcentres,yfinance,2026-07-14T18:50:27.103795
2022-06-01 00:00:00-04:00,22.024021876697095,22.024021876697095,21.666995121932025,21.793441772460938,180800,0.0,0.0,smartcentres,yfinance,2026-07-14T18:50:27.103795
2022-06-02 00:00:00-04:00,21.748818314646073,22.001711666337886,21.748818314646073,21.91245460510254,321500,0.0,0.0,smartcentres,yfinance,2026-07-14T18:50:27.103795
2022-06-03 00:00:00-04:00,21.905017040505825,22.061215118763702,21.74881754355514,21.860387802124023,350800,0.0,0.0,smartcentres,yfinance,2026-07-14T18:50:27.103795
2022-06-06 00:00:00-04:00,21.97195973708013,21.97195973708013,21.607494712818234,21.644685745239258,225400,0.0,0.0,smartcentres,yfinance,2026-07-14T18:50:27.103795
2022-06-07 00:00:00-04:00,21.570298237459777,21.60005105393206,21.391785594703194,21.555421829223633,229100,0.0,0.0,smartcentres,yfinance,2026-07-14T18:50:27.103795
2022-06-08 00:00:00-04:00,21.53311470231925,21.614932133284594,21.369477003003016,21.451295852661133,379600,0.0,0.0,smartcentres,yfinance,2026-07-14T18:50:27.103795
2022-06-09 00:00:00-04:00,21.510800989492417,21.57030522301509,21.309973669343584,21.32485008239746,321000,0.0,0.0,smartcentres,yfinance,2026-07-14T18:50:27.103795
2022-06-10 00:00:00-04:00,21.220713659747165,21.324845692301214,20.9752585696608,21.20583724975586,646800,0.0,0.0,smartcentres,yfinance,2026-07-14T18:50:27.103795
2022-06-13 00:00:00-04:00,20.91575685325967,20.95294646399922,20.350465974123708,20.432283401489258,598600,0.0,0.0,smartcentres,yfinance,2026-07-14T18:50:27.103795
2022-06-14 00:00:00-04:00,20.38021908592378,20.462037938834786,20.157078565411908,20.209144592285156,523800,0.0,0.0,smartcentres,yfinance,2026-07-14T18:50:27.103795
2022-06-15 00:00:00-04:00,20.27608302105402,20.78186961409587,20.27608302105402,20.566165924072266,499800,0.0,0.0,smartcentres,yfinance,2026-07-14T18:50:27.103795
2022-06-16 00:00:00-04:00,20.105006702748852,20.2165769306198,19.59178195211159,19.636409759521484,672400,0.0,0.0,smartcentres,yfinance,2026-07-14T18:50:27.103795
2022-06-17 00:00:00-04:00,19.621535826996503,20.038066811028482,19.576908013954718,19.755420684814453,618400,0.0,0.0,smartcentres,yfinance,2026-07-14T18:50:27.103795
2022-06-20 00:00:00-04:00,19.82237133023288,20.283530318460222,19.82237133023288,20.127330780029297,296900,0.0,0.0,smartcentres,yfinance,2026-07-14T18:50:27.103795
2022-06-21 00:00:00-04:00,20.090134785229136,20.48435119177276,20.090134785229136,20.32815170288086,465900,0.0,0.0,smartcentres,yfinance,2026-07-14T18:50:27.103795
2022-06-22 00:00:00-04:00,20.21658169405226,20.372779766136503,20.067820409378236,20.112449645996094,541600,0.0,0.0,smartcentres,yfinance,2026-07-14T18:50:27.103795
2022-06-23 00:00:00-04:00,20.290960503314704,20.432282150426072,19.95624835238225,20.08269500732422,422000,0.0,0.0,smartcentres,yfinance,2026-07-14T18:50:27.103795
2022-06-24 00:00:00-04:00,20.14964225070184,20.476916274379978,20.119889421870663,20.3504695892334,330100,0.0,0.0,smartcentres,yfinance,2026-07-14T18:50:27.103795
2022-06-27 00:00:00-04:00,20.417407737751173,20.68517604740441,20.34302710002257,20.49178695678711,566600,0.0,0.0,smartcentres,yfinance,2026-07-14T18:50:27.103795
2022-06-28 00:00:00-04:00,20.670303115235665,20.89344363197153,20.581046057325636,20.595922470092773,515100,0.0,0.0,smartcentres,yfinance,2026-07-14T18:50:27.103795
2022-06-29 00:00:00-04:00,20.598907672458903,20.845735476901964,20.367038048113436,20.509151458740234,262500,0.154,0.0,smartcentres,yfinance,2026-07-14T18:50:27.103795
2022-06-30 00:00:00-04:00,20.35208363307339,20.606391305750794,20.14265479201693,20.561513900756836,310500,0.0,0.0,smartcentres,yfinance,2026-07-14T18:50:27.103795
2022-07-04 00:00:00-04:00,20.651272871681826,20.800864717010565,20.554036816922334,20.56899642944336,223200,0.0,0.0,smartcentres,yfinance,2026-07-14T18:50:27.103795
2022-07-05 00:00:00-04:00,20.441836347695073,20.628827167350764,20.3072027292827,20.598909378051758,395200,0.0,0.0,smartcentres,yfinance,2026-07-14T18:50:27.103795
2022-07-06 00:00:00-04:00,20.598911347254212,20.875656987889826,20.419398887792294,20.621349334716797,651700,0.0,0.0,smartcentres,yfinance,2026-07-14T18:50:27.103795
2022-07-07 00:00:00-04:00,20.65126575020251,20.83077675866988,20.583948943698907,20.800857543945312,458400,0.0,0.0,smartcentres,yfinance,2026-07-14T18:50:27.103795
2022-07-08 00:00:00-04:00,20.79337774026417,20.94297096063365,20.568989336336625,20.800857543945312,197700,0.0,0.0,smartcentres,yfinance,2026-07-14T18:50:27.103795
2022-07-11 00:00:00-04:00,20.70362457584322,20.82329859088986,20.651267372588666,20.815818786621094,177300,0.0,0.0,smartcentres,yfinance,2026-07-14T18:50:27.103795
2022-07-12 00:00:00-04:00,20.71858970116301,21.032734430965103,20.71858970116301,20.92801856994629,275700,0.0,0.0,smartcentres,yfinance,2026-07-14T18:50:27.103795
2022-07-13 00:00:00-04:00,20.75598504405358,20.89061868881587,20.64379081562734,20.79338264465332,212100,0.0,0.0,smartcentres,yfinance,2026-07-14T18:50:27.103795
2022-07-14 00:00:00-04:00,20.539070138904673,20.763459969647823,20.322161538475648,20.329641342163086,403100,0.0,0.0,smartcentres,yfinance,2026-07-14T18:50:27.103795
2022-07-15 00:00:00-04:00,20.50914994932961,20.50914994932961,20.2548423602407,20.381996154785156,392400,0.0,0.0,smartcentres,yfinance,2026-07-14T18:50:27.103795
2022-07-18 00:00:00-04:00,20.598914388356953,20.830782661672195,20.46428073719743,20.688669204711914,284800,0.0,0.0,smartcentres,yfinance,2026-07-14T18:50:27.103795
2022-07-19 00:00:00-04:00,20.853225368976123,21.302003832135725,20.711113306500383,21.22720718383789,378800,0.0,0.0,smartcentres,yfinance,2026-07-14T18:50:27.103795
2022-07-20 00:00:00-04:00,21.257125006863284,21.257125006863284,21.017776889453867,21.174848556518555,172000,0.0,0.0,smartcentres,yfinance,2026-07-14T18:50:27.103795
2022-07-21 00:00:00-04:00,21.18980534462477,21.227202947997377,20.905579849762443,21.070131301879883,180700,0.0,0.0,smartcentres,yfinance,2026-07-14T18:50:27.103795
2022-07-22 00:00:00-04:00,21.167364169954144,21.294518008146532,21.12996656968515,21.24216079711914,168100,0.0,0.0,smartcentres,yfinance,2026-07-14T18:50:27.103795
2022-07-25 00:00:00-04:00,21.444113415498503,21.578747072587518,21.21224513197139,21.56378746032715,253200,0.0,0.0,smartcentres,yfinance,2026-07-14T18:50:27.103795
2022-07-26 00:00:00-04:00,21.578745115135863,21.6236225212189,21.369314842370002,21.488988876342773,152600,0.0,0.0,smartcentres,yfinance,2026-07-14T18:50:27.103795
2022-07-27 00:00:00-04:00,21.488989044462325,21.631102495901956,21.354355398532892,21.376794815063477,157900,0.0,0.0,smartcentres,yfinance,2026-07-14T18:50:27.103795
2022-07-28 00:00:00-04:00,21.40236206955254,21.72572898864746,21.334681989011504,21.72572898864746,219100,0.154,0.0,smartcentres,yfinance,2026-07-14T18:50:27.103795
2022-07-29 00:00:00-04:00,21.665562213040875,22.026530677501505,21.665562213040875,21.973888397216797,285800,0.0,0.0,smartcentres,yfinance,2026-07-14T18:50:27.103795
2022-08-02 00:00:00-04:00,21.966377100124966,22.176942004744173,21.500128186522804,21.56028938293457,204100,0.0,0.0,smartcentres,yfinance,2026-07-14T18:50:27.103795
2022-08-03 00:00:00-04:00,21.883647500203242,21.921247694868836,21.567800988203608,21.823486328125,288500,0.0,0.0,smartcentres,yfinance,2026-07-14T18:50:27.103795
2022-08-04 00:00:00-04:00,21.93629380415009,22.011495646546713,21.808451102382577,21.86861228942871,133300,0.0,0.0,smartcentres,yfinance,2026-07-14T18:50:27.103795
2022-08-05 00:00:00-04:00,21.755813645945103,21.815974842401342,21.55276907002177,21.808454513549805,142400,0.0,0.0,smartcentres,yfinance,2026-07-14T18:50:27.103795
2022-08-08 00:00:00-04:00,21.846051360488183,22.154377624157426,21.846051360488183,22.116777420043945,179800,0.0,0.0,smartcentres,yfinance,2026-07-14T18:50:27.103795
2022-08-09 00:00:00-04:00,22.184464236149743,22.26718642619377,21.973899313472298,22.252145767211914,283600,0.0,0.0,smartcentres,yfinance,2026-07-14T18:50:27.103795
2022-08-10 00:00:00-04:00,22.25213866529784,22.575505558422204,22.25213866529784,22.41758155822754,256500,0.0,0.0,smartcentres,yfinance,2026-07-14T18:50:27.103795
2022-08-11 00:00:00-04:00,22.628153193605193,22.710875382033336,22.45518992176104,22.63567352294922,206900,0.0,0.0,smartcentres,yfinance,2026-07-14T18:50:27.103795
2022-08-12 00:00:00-04:00,22.68079155739608,22.733432422628898,22.53038785585431,22.72591209411621,252600,0.0,0.0,smartcentres,yfinance,2026-07-14T18:50:27.103795
2022-08-15 00:00:00-04:00,22.68079180575064,22.69583246294071,22.417586042348447,22.628150939941406,235100,0.0,0.0,smartcentres,yfinance,2026-07-14T18:50:27.103795
2022-08-16 00:00:00-04:00,22.703350479016326,22.703350479016326,22.29726138238393,22.37246322631836,256500,0.0,0.0,smartcentres,yfinance,2026-07-14T18:50:27.103795
2022-08-17 00:00:00-04:00,22.372467338604267,22.372467338604267,21.973898496539913,22.079181671142578,303300,0.0,0.0,smartcentres,yfinance,2026-07-14T18:50:27.103795
2022-08-18 00:00:00-04:00,22.079174963684896,22.334860341771055,22.07165463675816,22.109254837036133,202600,0.0,0.0,smartcentres,yfinance,2026-07-14T18:50:27.103795
2022-08-19 00:00:00-04:00,22.0716568882366,22.16189795185129,21.981414390266064,22.116777420043945,238200,0.0,0.0,smartcentres,yfinance,2026-07-14T18:50:27.103795
2022-08-22 00:00:00-04:00,22.026538171573087,22.026538171573087,21.77837164029238,21.81597328186035,183100,0.0,0.0,smartcentres,yfinance,2026-07-14T18:50:27.103795
2022-08-23 00:00:00-04:00,21.815970613942106,21.913732001351466,21.53772423779029,21.552764892578125,192200,0.0,0.0,smartcentres,yfinance,2026-07-14T18:50:27.103795
2022-08-24 00:00:00-04:00,21.582853149542295,21.906218725435448,21.477569966493217,21.537731170654297,215600,0.0,0.0,smartcentres,yfinance,2026-07-14T18:50:27.103795
2022-08-25 00:00:00-04:00,21.61292343079076,21.74076611212098,21.492601075933568,21.680604934692383,182100,0.0,0.0,smartcentres,yfinance,2026-07-14T18:50:27.103795
2022-08-26 00:00:00-04:00,21.71068889913883,21.778368976972516,21.507644362570407,21.552764892578125,203800,0.0,0.0,smartcentres,yfinance,2026-07-14T18:50:27.103795
2022-08-29 00:00:00-04:00,21.545247958123365,21.77837240662404,21.432445898162136,21.68813133239746,220100,0.0,0.0,smartcentres,yfinance,2026-07-14T18:50:27.103795
2022-08-30 00:00:00-04:00,21.766756479670313,21.910405444850294,21.509698463376886,21.524818420410156,223900,0.154,0.0,smartcentres,yfinance,2026-07-14T18:50:27.103795
2022-08-31 00:00:00-04:00,21.464335555142878,21.48701765513893,21.10899130754117,21.146793365478516,449900,0.0,0.0,smartcentres,yfinance,2026-07-14T18:50:27.103795
2022-09-01 00:00:00-04:00,21.131674349040896,21.19971921000466,20.799010744557624,20.912418365478516,224800,0.0,0.0,smartcentres,yfinance,2026-07-14T18:50:27.103795
2022-09-02 00:00:00-04:00,21.063627495814355,21.17703510600881,20.88973428865646,21.010704040527344,163600,0.0,0.0,smartcentres,yfinance,2026-07-14T18:50:27.103795
2022-09-06 00:00:00-04:00,21.040947158197238,21.184597578897748,20.844373277779727,20.972902297973633,149900,0.0,0.0,smartcentres,yfinance,2026-07-14T18:50:27.103795
2022-09-07 00:00:00-04:00,20.94266032272,21.199718355543155,20.904856822565957,21.169475555419922,173600,0.0,0.0,smartcentres,yfinance,2026-07-14T18:50:27.103795
2022-09-08 00:00:00-04:00,21.101438771177012,21.222407133843532,21.0031525172817,21.04095458984375,257400,0.0,0.0,smartcentres,yfinance,2026-07-14T18:50:27.103795
2022-09-09 00:00:00-04:00,21.16947311518652,21.426531118378257,21.12411036228678,21.381168365478516,186100,0.0,0.0,smartcentres,yfinance,2026-07-14T18:50:27.103795
2022-09-12 00:00:00-04:00,21.502138890253867,21.81212037754255,21.502138890253867,21.796998977661133,245000,0.0,0.0,smartcentres,yfinance,2026-07-14T18:50:27.103795
2022-09-13 00:00:00-04:00,21.623108366602594,21.623108366602594,21.41141308306051,21.502140045166016,367900,0.0,0.0,smartcentres,yfinance,2026-07-14T18:50:27.103795
2022-09-14 00:00:00-04:00,21.50970618355773,21.51726544375951,21.033392035681192,21.056074142456055,203700,0.0,0.0,smartcentres,yfinance,2026-07-14T18:50:27.103795
2022-09-15 00:00:00-04:00,21.01826452802764,21.373610220701792,21.01826452802764,21.192157745361328,216100,0.0,0.0,smartcentres,yfinance,2026-07-14T18:50:27.103795
2022-09-16 00:00:00-04:00,21.124114642099432,21.260204370426788,21.01070701584537,21.154356002807617,488500,0.0,0.0,smartcentres,yfinance,2026-07-14T18:50:27.103795
2022-09-19 00:00:00-04:00,21.056067939069962,21.2223990135795,21.056067939069962,21.169475555419922,243500,0.0,0.0,smartcentres,yfinance,2026-07-14T18:50:27.103795
2022-09-20 00:00:00-04:00,21.06362688695515,21.06362688695515,20.34537630639183,20.52682876586914,478500,0.0,0.0,smartcentres,yfinance,2026-07-14T18:50:27.103795
2022-09-21 00:00:00-04:00,20.496591538937526,20.77633026287505,20.45878803431337,20.489030838012695,195500,0.0,0.0,smartcentres,yfinance,2026-07-14T18:50:27.103795
2022-09-22 00:00:00-04:00,20.609996600802976,20.609996600802976,20.073198438472083,20.10344123840332,312100,0.0,0.0,smartcentres,yfinance,2026-07-14T18:50:27.103795
2022-09-23 00:00:00-04:00,20.03539369214528,20.09587784183556,19.536399096686512,19.69516944885254,430600,0.0,0.0,smartcentres,yfinance,2026-07-14T18:50:27.103795
2022-09-26 00:00:00-04:00,19.60445021068262,19.634691574164584,19.022289182577367,19.120576858520508,534200,0.0,0.0,smartcentres,yfinance,2026-07-14T18:50:27.103795
2022-09-27 00:00:00-04:00,19.271786712636246,19.271786712636246,18.908881695641192,19.037410736083984,296900,0.0,0.0,smartcentres,yfinance,2026-07-14T18:50:27.103795
2022-09-28 00:00:00-04:00,19.10891804298767,19.572947295877118,18.971990854914306,19.474056243896484,265200,0.154,0.0,smartcentres,yfinance,2026-07-14T18:50:27.103795
2022-09-29 00:00:00-04:00,19.314304642450185,19.321911868592807,19.010022851395583,19.124128341674805,396800,0.0,0.0,smartcentres,yfinance,2026-07-14T18:50:27.103795
2022-09-30 00:00:00-04:00,19.18498150889816,19.816366664418595,19.139339610563976,19.740297317504883,566900,0.0,0.0,smartcentres,yfinance,2026-07-14T18:50:27.103795
2022-10-03 00:00:00-04:00,20.02936100903923,20.32603547129552,19.87721944069115,20.113039016723633,397900,0.0,0.0,smartcentres,yfinance,2026-07-14T18:50:27.103795
2022-10-04 00:00:00-04:00,20.348865041916717,20.50100666933112,20.20433064096604,20.333650588989258,466000,0.0,0.0,smartcentres,yfinance,2026-07-14T18:50:27.103795
2022-10-05 00:00:00-04:00,20.27279070631507,20.288005156599397,19.77833267951321,19.976116180419922,490800,0.0,0.0,smartcentres,yfinance,2026-07-14T18:50:27.103795
2022-10-06 00:00:00-04:00,19.854412743363547,20.12826572160221,19.512094706902076,19.565343856811523,351400,0.0,0.0,smartcentres,yfinance,2026-07-14T18:50:27.103795
2022-10-07 00:00:00-04:00,19.47405503606427,19.717480488238927,19.466447809317547,19.55773162841797,212900,0.0,0.0,smartcentres,yfinance,2026-07-14T18:50:27.103795
2022-10-11 00:00:00-04:00,19.474050072286854,19.48165729709456,19.15455388501207,19.215410232543945,646900,0.0,0.0,smartcentres,yfinance,2026-07-14T18:50:27.103795
2022-10-12 00:00:00-04:00,19.223025723079118,19.481665674034872,19.040456601980424,19.359952926635742,439900,0.0,0.0,smartcentres,yfinance,2026-07-14T18:50:27.103795
2022-10-13 00:00:00-04:00,19.108921554800713,20.067409145603406,19.07849264033434,19.88484001159668,608100,0.0,0.0,smartcentres,yfinance,2026-07-14T18:50:27.103795
2022-10-14 00:00:00-04:00,19.976120803576382,20.11304798596526,19.694659211895896,19.725088119506836,390100,0.0,0.0,smartcentres,yfinance,2026-07-14T18:50:27.103795
2022-10-17 00:00:00-04:00,19.99133532544859,20.3869009692264,19.808766231951864,20.173904418945312,568400,0.0,0.0,smartcentres,yfinance,2026-07-14T18:50:27.103795
2022-10-18 00:00:00-04:00,20.31082657861003,20.447752276671036,19.968508706132965,20.090221405029297,220800,0.0,0.0,smartcentres,yfinance,2026-07-14T18:50:27.103795
2022-10-19 00:00:00-04:00,19.938078400369534,20.006541970038473,19.61858367648745,19.785938262939453,224700,0.0,0.0,smartcentres,yfinance,2026-07-14T18:50:27.103795
2022-10-20 00:00:00-04:00,19.862012143813658,20.105437562275558,19.793548563505006,19.869619369506836,369600,0.0,0.0,smartcentres,yfinance,2026-07-14T18:50:27.103795
2022-10-21 00:00:00-04:00,19.846794827667377,20.006542191375743,19.717474911409766,19.991329193115234,223500,0.0,0.0,smartcentres,yfinance,2026-07-14T18:50:27.103795
2022-10-24 00:00:00-04:00,19.998937124308632,20.05979347229004,19.84679552889022,20.05979347229004,176900,0.0,0.0,smartcentres,yfinance,2026-07-14T18:50:27.103795
2022-10-25 00:00:00-04:00,19.93808372801539,20.394507164125756,19.93808372801539,20.371686935424805,329600,0.0,0.0,smartcentres,yfinance,2026-07-14T18:50:27.103795
2022-10-26 00:00:00-04:00,20.379294557875966,20.68357637088411,20.356472877801558,20.645540237426758,289100,0.0,0.0,smartcentres,yfinance,2026-07-14T18:50:27.103795
2022-10-27 00:00:00-04:00,20.721603620177163,20.88135242153283,20.63792560751802,20.759639739990234,211700,0.0,0.0,smartcentres,yfinance,2026-07-14T18:50:27.103795
2022-10-28 00:00:00-04:00,20.808603329405493,20.869805043820524,20.617347789463032,20.793302536010742,158900,0.154,0.0,smartcentres,yfinance,2026-07-14T18:50:27.103795
2022-10-31 00:00:00-04:00,20.732102654301915,20.732102654301915,20.357241937976887,20.42609405517578,314900,0.0,0.0,smartcentres,yfinance,2026-07-14T18:50:27.103795
2022-11-01 00:00:00-04:00,20.387840850962398,20.846854451826236,20.387840850962398,20.54084587097168,266300,0.0,0.0,smartcentres,yfinance,2026-07-14T18:50:27.103795
2022-11-02 00:00:00-04:00,20.563796985907878,20.563796985907878,20.303690769056878,20.372541427612305,240500,0.0,0.0,smartcentres,yfinance,2026-07-14T18:50:27.103795
2022-11-03 00:00:00-04:00,20.273095390935936,20.303696990038222,20.0588885747136,20.173643112182617,218100,0.0,0.0,smartcentres,yfinance,2026-07-14T18:50:27.103795
2022-11-04 00:00:00-04:00,20.525550742536904,20.808609669933926,20.311343947232015,20.739757537841797,291400,0.0,0.0,smartcentres,yfinance,2026-07-14T18:50:27.103795
2022-11-07 00:00:00-05:00,20.839206074528448,21.244668395433376,20.839206074528448,21.091663360595703,278000,0.0,0.0,smartcentres,yfinance,2026-07-14T18:50:27.103795
2022-11-08 00:00:00-05:00,21.160515368734384,21.244668283367613,20.976910203396187,21.129915237426758,254700,0.0,0.0,smartcentres,yfinance,2026-07-14T18:50:27.103795
2022-11-09 00:00:00-05:00,21.084015549839204,21.282921535867278,20.95396169201948,21.01516342163086,225500,0.0,0.0,smartcentres,yfinance,2026-07-14T18:50:27.103795
2022-11-10 00:00:00-05:00,21.313521105334367,21.917887945432497,21.313521105334367,21.8107852935791,319700,0.0,0.0,smartcentres,yfinance,2026-07-14T18:50:27.103795
2022-11-11 00:00:00-05:00,22.02498760356055,22.02498760356055,21.696027857473293,21.86433219909668,149100,0.0,0.0,smartcentres,yfinance,2026-07-14T18:50:27.103795
2022-11-14 00:00:00-05:00,21.80313286978609,21.80313286978609,21.20641502384025,21.259967803955078,262300,0.0,0.0,smartcentres,yfinance,2026-07-14T18:50:27.103795
2022-11-15 00:00:00-05:00,21.634838336212024,21.634838336212024,20.97691847333218,21.053421020507812,346600,0.0,0.0,smartcentres,yfinance,2026-07-14T18:50:27.103795
2022-11-16 00:00:00-05:00,20.92336080080176,20.992212926522367,20.32664286427791,20.556150436401367,527300,0.0,0.0,smartcentres,yfinance,2026-07-14T18:50:27.103795
2022-11-17 00:00:00-05:00,20.449048240038437,20.54850196838379,20.364896768935928,20.54850196838379,168500,0.0,0.0,smartcentres,yfinance,2026-07-14T18:50:27.103795
2022-11-18 00:00:00-05:00,20.64030135819242,20.678553348791766,20.44904578268842,20.586750030517578,161100,0.0,0.0,smartcentres,yfinance,2026-07-14T18:50:27.103795
2022-11-21 00:00:00-05:00,20.533196811991765,20.785654090042318,20.502595222330314,20.778003692626953,181200,0.0,0.0,smartcentres,yfinance,2026-07-14T18:50:27.103795
2022-11-22 00:00:00-05:00,20.800954300147186,21.061061968301335,20.663250068869807,21.022809982299805,249700,0.0,0.0,smartcentres,yfinance,2026-07-14T18:50:27.103795
2022-11-23 00:00:00-05:00,21.007510395221605,21.09931370773724,20.877458012834357,20.915708541870117,158800,0.0,0.0,smartcentres,yfinance,2026-07-14T18:50:27.103795
2022-11-24 00:00:00-05:00,20.99221036616236,21.214066053741885,20.931008646226893,20.999860763549805,132700,0.0,0.0,smartcentres,yfinance,2026-07-14T18:50:27.103795
2022-11-25 00:00:00-05:00,20.999861556471124,21.34412069692026,20.999861556471124,21.26761817932129,295200,0.0,0.0,smartcentres,yfinance,2026-07-14T18:50:27.103795
2022-11-28 00:00:00-05:00,21.0916620145561,21.160514129922596,20.823903950260185,20.85450553894043,188500,0.0,0.0,smartcentres,yfinance,2026-07-14T18:50:27.103795
2022-11-29 00:00:00-05:00,20.880667175648025,21.288433136944647,20.81911773502348,21.242271423339844,256500,0.154,0.0,smartcentres,yfinance,2026-07-14T18:50:27.103795
2022-11-30 00:00:00-05:00,21.25765966454505,21.419227878404886,21.057625064458858,21.157642364501953,309000,0.0,0.0,smartcentres,yfinance,2026-07-14T18:50:27.103795
2022-12-01 00:00:00-05:00,21.088392916758572,21.39614005900879,21.088392916758572,21.196104049682617,159100,0.0,0.0,smartcentres,yfinance,2026-07-14T18:50:27.103795
2022-12-02 00:00:00-05:00,21.088395042556108,21.18071992826497,20.95760231048355,20.972990036010742,193000,0.0,0.0,smartcentres,yfinance,2026-07-14T18:50:27.103795
2022-12-05 00:00:00-05:00,21.088400563727124,21.134562284940053,20.819121166318162,20.834508895874023,229100,0.0,0.0,smartcentres,yfinance,2026-07-14T18:50:27.103795
2022-12-06 00:00:00-05:00,20.865276336669922,21.10378018331253,20.83450088938489,20.865276336669922,147600,0.0,0.0,smartcentres,yfinance,2026-07-14T18:50:27.103795
2022-12-07 00:00:00-05:00,20.849892303594437,21.142251767281287,20.76526127603445,20.99607276916504,220700,0.0,0.0,smartcentres,yfinance,2026-07-14T18:50:27.103795
2022-12-08 00:00:00-05:00,21.034541510945107,21.18072198272387,20.803731475466574,20.842199325561523,196700,0.0,0.0,smartcentres,yfinance,2026-07-14T18:50:27.103795
2022-12-09 00:00:00-05:00,20.849888230605018,21.05761809360657,20.81911278388446,20.857582092285156,214000,0.0,0.0,smartcentres,yfinance,2026-07-14T18:50:27.103795
2022-12-12 00:00:00-05:00,20.872968679270368,20.926825711885602,20.665240280427977,20.91143798828125,195800,0.0,0.0,smartcentres,yfinance,2026-07-14T18:50:27.103795
2022-12-13 00:00:00-05:00,20.980683405591233,21.342286142254498,20.880664659469872,21.096088409423828,204200,0.0,0.0,smartcentres,yfinance,2026-07-14T18:50:27.103795
2022-12-14 00:00:00-05:00,21.026839454230828,21.280730981308984,21.026839454230828,21.0499210357666,140200,0.0,0.0,smartcentres,yfinance,2026-07-14T18:50:27.103795
2022-12-15 00:00:00-05:00,20.926830232774282,21.088396963161475,20.796037488789903,20.93452262878418,163800,0.0,0.0,smartcentres,yfinance,2026-07-14T18:50:27.103795
2022-12-16 00:00:00-05:00,20.77295837549017,20.865283280616808,20.657553344672806,20.7652645111084,394200,0.0,0.0,smartcentres,yfinance,2026-07-14T18:50:27.103795
2022-12-19 00:00:00-05:00,20.772948223182574,20.857579222565963,20.403651718070478,20.48828125,563500,0.0,0.0,smartcentres,yfinance,2026-07-14T18:50:27.103795
2022-12-20 00:00:00-05:00,20.33441917262238,20.542149116684897,20.311337578574996,20.419050216674805,152300,0.0,0.0,smartcentres,yfinance,2026-07-14T18:50:27.103795
2022-12-21 00:00:00-05:00,20.572921544540016,20.911444227569365,20.565227680442245,20.788345336914062,275800,0.0,0.0,smartcentres,yfinance,2026-07-14T18:50:27.103795
2022-12-22 00:00:00-05:00,20.70370847142089,20.711402333352922,20.26516861347383,20.472898483276367,183800,0.0,0.0,smartcentres,yfinance,2026-07-14T18:50:27.103795
2022-12-23 00:00:00-05:00,20.42673251520368,20.657543939203546,20.35748923474911,20.634462356567383,108500,0.0,0.0,smartcentres,yfinance,2026-07-14T18:50:27.103795
2022-12-28 00:00:00-05:00,20.76526189823931,20.826811338094178,20.21901080295914,20.303640365600586,291700,0.0,0.0,smartcentres,yfinance,2026-07-14T18:50:27.103795
2022-12-29 00:00:00-05:00,20.322220095499688,20.77107333244535,20.322220095499688,20.685945510864258,186000,0.154,0.0,smartcentres,yfinance,2026-07-14T18:50:27.103795
2022-12-30 00:00:00-05:00,20.66272344947294,20.794283916232427,20.569856629849994,20.724634170532227,94100,0.0,0.0,smartcentres,yfinance,2026-07-14T18:50:27.103795
2023-01-03 00:00:00-05:00,20.817497427113153,21.003229571671195,20.678197949677653,20.92584228515625,242400,0.0,0.0,smartcentres,yfinance,2026-07-14T18:50:27.103795
2023-01-04 00:00:00-05:00,21.088359816410925,21.37469782852571,21.034188119108464,21.24313735961914,212900,0.0,0.0,smartcentres,yfinance,2026-07-14T18:50:27.103795
2023-01-05 00:00:00-05:00,21.219915716369027,21.258609355805767,20.894884126470114,21.04966163635254,216300,0.0,0.0,smartcentres,yfinance,2026-07-14T18:50:27.103795
2023-01-06 00:00:00-05:00,21.13478959936777,21.24313445522768,21.003229148448334,21.235395431518555,158700,0.0,0.0,smartcentres,yfinance,2026-07-14T18:50:27.103795
2023-01-09 00:00:00-05:00,21.19669831136751,21.281826088061422,21.026444234047393,21.142526626586914,257500,0.0,0.0,smartcentres,yfinance,2026-07-14T18:50:27.103795
2023-01-10 00:00:00-05:00,21.1889612892638,21.25087200286896,21.09609595688999,21.235395431518555,193900,0.0,0.0,smartcentres,yfinance,2026-07-14T18:50:27.103795
2023-01-11 00:00:00-05:00,21.28183506874696,21.7693819135791,21.28183506874696,21.76164436340332,172300,0.0,0.0,smartcentres,yfinance,2026-07-14T18:50:27.103795
2023-01-12 00:00:00-05:00,21.82354596259606,22.102143410429623,21.769372801562596,22.047971725463867,187200,0.0,0.0,smartcentres,yfinance,2026-07-14T18:50:27.103795
2023-01-13 00:00:00-05:00,22.03249401431806,22.047972060562866,21.777112155549677,21.955106735229492,228100,0.0,0.0,smartcentres,yfinance,2026-07-14T18:50:27.103795
2023-01-16 00:00:00-05:00,21.970592555860726,22.12537013134057,21.869988165046678,22.063459396362305,77300,0.0,0.0,smartcentres,yfinance,2026-07-14T18:50:27.103795
2023-01-17 00:00:00-05:00,22.0557136520834,22.210491180419922,21.986063911938757,22.210491180419922,206500,0.0,0.0,smartcentres,yfinance,2026-07-14T18:50:27.103795
2023-01-18 00:00:00-05:00,22.249181144531217,22.249181144531217,21.986060275519176,22.00927734375,218000,0.0,0.0,smartcentres,yfinance,2026-07-14T18:50:27.103795
2023-01-19 00:00:00-05:00,21.78484838333227,21.993797552622492,21.56816166798023,21.59137725830078,247800,0.0,0.0,smartcentres,yfinance,2026-07-14T18:50:27.103795
2023-01-20 00:00:00-05:00,21.637813329708578,22.00154004685132,21.513991908233365,21.90093421936035,175900,0.0,0.0,smartcentres,yfinance,2026-07-14T18:50:27.103795
2023-01-23 00:00:00-05:00,21.97058290290965,22.24144280296074,21.823545894480876,22.187271118164062,208600,0.0,0.0,smartcentres,yfinance,2026-07-14T18:50:27.103795
2023-01-24 00:00:00-05:00,22.241449550654195,22.326577353199767,21.955112993839716,22.11762809753418,223300,0.0,0.0,smartcentres,yfinance,2026-07-14T18:50:27.103795
2023-01-25 00:00:00-05:00,21.978321906559565,22.133099413900542,21.769372714469558,22.032493591308594,337800,0.0,0.0,smartcentres,yfinance,2026-07-14T18:50:27.103795
2023-01-26 00:00:00-05:00,22.171792393162796,22.233703099044,21.986060275519176,22.00927734375,220100,0.0,0.0,smartcentres,yfinance,2026-07-14T18:50:27.103795
2023-01-27 00:00:00-05:00,21.98606801030138,22.195017269684968,21.823552903715154,21.869985580444336,323900,0.0,0.0,smartcentres,yfinance,2026-07-14T18:50:27.103795
2023-01-30 00:00:00-05:00,21.75637939313966,22.005380698263142,21.75637939313966,21.91978645324707,209300,0.154,0.0,smartcentres,yfinance,2026-07-14T18:50:27.103795
2023-01-31 00:00:00-05:00,21.904219536049947,21.997595193694657,21.795282505594226,21.943126678466797,1560700,0.0,0.0,smartcentres,yfinance,2026-07-14T18:50:27.103795
2023-02-01 00:00:00-05:00,21.958690147786715,22.083190047095822,21.795284586501964,22.00537872314453,602800,0.0,0.0,smartcentres,yfinance,2026-07-14T18:50:27.103795
2023-02-02 00:00:00-05:00,22.122097193227336,22.254378521762742,21.982034435465625,22.00537872314453,400200,0.0,0.0,smartcentres,yfinance,2026-07-14T18:50:27.103795
2023-02-03 00:00:00-05:00,21.865313620841473,21.997594935192815,21.709688021314346,21.826406478881836,362100,0.0,0.0,smartcentres,yfinance,2026-07-14T18:50:27.103795
2023-02-06 00:00:00-05:00,21.63187591488645,21.67078305809312,21.250594816395612,21.538501739501953,281800,0.0,0.0,smartcentres,yfinance,2026-07-14T18:50:27.103795
2023-02-07 00:00:00-05:00,21.437341641655454,21.779717033028074,21.017154943105215,21.258373260498047,787800,0.0,0.0,smartcentres,yfinance,2026-07-14T18:50:27.103795
2023-02-08 00:00:00-05:00,21.530718773078867,21.530718773078867,21.141656273734583,21.21946907043457,318700,0.0,0.0,smartcentres,yfinance,2026-07-14T18:50:27.103795
2023-02-09 00:00:00-05:00,21.756377160331798,21.756377160331798,21.25837756950541,21.35175323486328,287400,0.0,0.0,smartcentres,yfinance,2026-07-14T18:50:27.103795
2023-02-10 00:00:00-05:00,21.359534357597028,21.72525261634462,21.28172155160763,21.320627212524414,505600,0.0,0.0,smartcentres,yfinance,2026-07-14T18:50:27.103795
2023-02-13 00:00:00-05:00,21.39065607190132,21.51515595316887,21.320624703168868,21.3984375,332600,0.0,0.0,smartcentres,yfinance,2026-07-14T18:50:27.103795
2023-02-14 00:00:00-05:00,21.36731198344479,21.491813350009096,21.242812101036154,21.4606876373291,370800,0.0,0.0,smartcentres,yfinance,2026-07-14T18:50:27.103795
2023-02-15 00:00:00-05:00,21.273942758257395,21.522942580947806,21.242817038343084,21.390661239624023,381600,0.0,0.0,smartcentres,yfinance,2026-07-14T18:50:27.103795
2023-02-16 00:00:00-05:00,21.242811906337735,21.569624465703964,21.172780537605284,21.3984375,274600,0.0,0.0,smartcentres,yfinance,2026-07-14T18:50:27.103795
2023-02-17 00:00:00-05:00,21.258374011417775,21.63965506984738,21.258374011417775,21.592967987060547,515100,0.0,0.0,smartcentres,yfinance,2026-07-14T18:50:27.103795
2023-02-21 00:00:00-05:00,21.592968962522068,21.63965604741799,21.157219373796924,21.196125030517578,410500,0.0,0.0,smartcentres,yfinance,2026-07-14T18:50:27.103795
2023-02-22 00:00:00-05:00,21.14943931858128,21.484033331060186,21.14165788990087,21.367313385009766,250600,0.0,0.0,smartcentres,yfinance,2026-07-14T18:50:27.103795
2023-02-23 00:00:00-05:00,21.437345374435505,21.51515817931784,21.328408338093723,21.4295654296875,142200,0.0,0.0,smartcentres,yfinance,2026-07-14T18:50:27.103795
2023-02-24 00:00:00-05:00,21.39844009183367,21.577408507313425,21.336190143660023,21.554065704345703,190100,0.0,0.0,smartcentres,yfinance,2026-07-14T18:50:27.103795
2023-02-27 00:00:00-05:00,21.518071662955023,21.815411632890967,21.518071662955023,21.651092529296875,194300,0.154,0.0,smartcentres,yfinance,2026-07-14T18:50:27.103795
2023-02-28 00:00:00-05:00,21.635441677180744,21.823235569484595,21.525895613116795,21.658916473388672,392900,0.0,0.0,smartcentres,yfinance,2026-07-14T18:50:27.103795
2023-03-01 00:00:00-05:00,21.65892404550887,21.768470147870946,21.47113008755086,21.557201385498047,241800,0.0,0.0,smartcentres,yfinance,2026-07-14T18:50:27.103795
2023-03-02 00:00:00-05:00,21.439817985716424,21.68238485498671,21.431993055423465,21.565013885498047,146500,0.0,0.0,smartcentres,yfinance,2026-07-14T18:50:27.103795
2023-03-03 00:00:00-05:00,21.69804551961937,21.79194323743624,21.627622604370117,21.627622604370117,170400,0.0,0.0,smartcentres,yfinance,2026-07-14T18:50:27.103795
2023-03-06 00:00:00-05:00,21.784109864414532,21.83105795890919,21.63543915731959,21.705862045288086,151300,0.0,0.0,smartcentres,yfinance,2026-07-14T18:50:27.103795
2023-03-07 00:00:00-05:00,21.69803777341972,21.69803777341972,21.228552336848868,21.36939811706543,287200,0.0,0.0,smartcentres,yfinance,2026-07-14T18:50:27.103795
2023-03-08 00:00:00-05:00,21.369399588140002,21.604143068811755,21.25985352596508,21.34592628479004,174600,0.0,0.0,smartcentres,yfinance,2026-07-14T18:50:27.103795
2023-03-09 00:00:00-05:00,21.314626551436714,21.353751211098277,21.056409767483032,21.072059631347656,215000,0.0,0.0,smartcentres,yfinance,2026-07-14T18:50:27.103795
2023-03-10 00:00:00-05:00,21.11118412765128,21.22855512911897,20.618225324505687,20.688648223876953,312500,0.0,0.0,smartcentres,yfinance,2026-07-14T18:50:27.103795
2023-03-13 00:00:00-04:00,20.586927928357998,20.978165639233044,20.41478387285621,20.829496383666992,327900,0.0,0.0,smartcentres,yfinance,2026-07-14T18:50:27.103795
2023-03-14 00:00:00-04:00,21.103360023624628,21.103360023624628,20.766896870863818,20.86861801147461,253500,0.0,0.0,smartcentres,yfinance,2026-07-14T18:50:27.103795
2023-03-15 00:00:00-04:00,20.657346793493108,20.868615474213513,20.469552908114906,20.64169692993164,337700,0.0,0.0,smartcentres,yfinance,2026-07-14T18:50:27.103795
2023-03-16 00:00:00-04:00,20.53997847431163,20.75907211532082,20.266111796163475,20.680824279785156,356300,0.0,0.0,smartcentres,yfinance,2026-07-14T18:50:27.103795
2023-03-17 00:00:00-04:00,20.712118979299195,20.712118979299195,20.36783094969857,20.461727142333984,536900,0.0,0.0,smartcentres,yfinance,2026-07-14T18:50:27.103795
2023-03-20 00:00:00-04:00,20.500855692131616,20.594751902595068,20.360009883983086,20.446081161499023,306000,0.0,0.0,smartcentres,yfinance,2026-07-14T18:50:27.103795
2023-03-21 00:00:00-04:00,20.571276238583636,20.712120538136997,20.375657414675246,20.422605514526367,231000,0.0,0.0,smartcentres,yfinance,2026-07-14T18:50:27.103795
2023-03-22 00:00:00-04:00,20.344357078296472,20.35218201011327,20.015717404256634,20.03919219970703,358800,0.0,0.0,smartcentres,yfinance,2026-07-14T18:50:27.103795
2023-03-23 00:00:00-04:00,20.02354302498967,20.180038681803644,19.882697232347734,19.976594924926758,243700,0.0,0.0,smartcentres,yfinance,2026-07-14T18:50:27.103795
2023-03-24 00:00:00-04:00,19.874871531446832,20.250459302327762,19.874871531446832,20.211336135864258,205100,0.0,0.0,smartcentres,yfinance,2026-07-14T18:50:27.103795
2023-03-27 00:00:00-04:00,20.43824936011114,20.579093618189646,20.367826484845516,20.524320602416992,359000,0.0,0.0,smartcentres,yfinance,2026-07-14T18:50:27.103795
2023-03-28 00:00:00-04:00,20.422603741598962,20.539974727264145,20.34435592033782,20.39130401611328,189600,0.0,0.0,smartcentres,yfinance,2026-07-14T18:50:27.103795
2023-03-29 00:00:00-04:00,20.563445251149417,20.64951649345527,20.477372516390822,20.524320602416992,354600,0.0,0.0,smartcentres,yfinance,2026-07-14T18:50:27.103795
2023-03-30 00:00:00-04:00,20.74786148352786,20.865925642700375,20.621926180241548,20.77934455871582,191200,0.154,0.0,smartcentres,yfinance,2026-07-14T18:50:27.103795
2023-03-31 00:00:00-04:00,20.858052378076845,20.968245381932917,20.72424594428001,20.913148880004883,407800,0.0,0.0,smartcentres,yfinance,2026-07-14T18:50:27.103795
2023-04-03 00:00:00-04:00,20.944636305399573,20.999732814830388,20.755733343950798,20.897409439086914,185000,0.0,0.0,smartcentres,yfinance,2026-07-14T18:50:27.103795
2023-04-04 00:00:00-04:00,20.93676349209235,20.93676349209235,20.62979489059845,20.795085906982422,150300,0.0,0.0,smartcentres,yfinance,2026-07-14T18:50:27.103795
2023-04-05 00:00:00-04:00,20.621926556597945,20.771473793687704,20.606184268083044,20.747861862182617,276300,0.0,0.0,smartcentres,yfinance,2026-07-14T18:50:27.103795
2023-04-06 00:00:00-04:00,20.795086149740904,20.802957293590804,20.56682748189533,20.692764282226562,490000,0.0,0.0,smartcentres,yfinance,2026-07-14T18:50:27.103795
2023-04-10 00:00:00-04:00,20.590440644466362,20.78721473434182,20.472376490794524,20.763601303100586,196400,0.0,0.0,smartcentres,yfinance,2026-07-14T18:50:27.103795
2023-04-11 00:00:00-04:00,20.779343301619825,20.89740745364977,20.724246797423664,20.889537811279297,231200,0.0,0.0,smartcentres,yfinance,2026-07-14T18:50:27.103795
2023-04-12 00:00:00-04:00,20.99973023379119,21.196504315440258,20.94463373113219,21.054826736450195,261800,0.0,0.0,smartcentres,yfinance,2026-07-14T18:50:27.103795
2023-04-13 00:00:00-04:00,21.20437654097548,21.20437654097548,20.94463479999407,21.10992431640625,220600,0.0,0.0,smartcentres,yfinance,2026-07-14T18:50:27.103795
2023-04-14 00:00:00-04:00,21.117794700348576,21.172891203836777,20.928891759274546,20.96037483215332,166500,0.0,0.0,smartcentres,yfinance,2026-07-14T18:50:27.103795
2023-04-17 00:00:00-04:00,20.87379555709596,21.17289150946379,20.81082790916236,21.13353729248047,212800,0.0,0.0,smartcentres,yfinance,2026-07-14T18:50:27.103795
2023-04-18 00:00:00-04:00,21.21224536978792,21.275213012206347,20.842309156971012,20.928890228271484,263500,0.0,0.0,smartcentres,yfinance,2026-07-14T18:50:27.103795
2023-04-19 00:00:00-04:00,20.8580553388992,20.865926483330103,20.653410087497544,20.7242488861084,284600,0.0,0.0,smartcentres,yfinance,2026-07-14T18:50:27.103795
2023-04-20 00:00:00-04:00,20.61405210393164,20.818697317979446,20.61405210393164,20.75572967529297,155800,0.0,0.0,smartcentres,yfinance,2026-07-14T18:50:27.103795
2023-04-21 00:00:00-04:00,20.810826910751366,20.897406484214404,20.629793618018677,20.873794555664062,277700,0.0,0.0,smartcentres,yfinance,2026-07-14T18:50:27.103795
2023-04-24 00:00:00-04:00,20.858053691395884,20.93676362822063,20.80295718599872,20.865924835205078,155600,0.0,0.0,smartcentres,yfinance,2026-07-14T18:50:27.103795
2023-04-25 00:00:00-04:00,20.86592341239159,20.9525044871217,20.795084624206424,20.873794555664062,155100,0.0,0.0,smartcentres,yfinance,2026-07-14T18:50:27.103795
2023-04-26 00:00:00-04:00,20.897408833218933,20.983989917681317,20.58257057326559,20.606184005737305,509500,0.0,0.0,smartcentres,yfinance,2026-07-14T18:50:27.103795
2023-04-27 00:00:00-04:00,20.72019539385172,20.823122715375145,20.585597197920837,20.7677001953125,206500,0.154,0.0,smartcentres,yfinance,2026-07-14T18:50:27.103795
2023-04-28 00:00:00-04:00,20.680612178790362,20.918137740667955,20.680612178790362,20.728116989135742,331800,0.0,0.0,smartcentres,yfinance,2026-07-14T18:50:27.103795
2023-05-01 00:00:00-04:00,20.67269166005082,20.823123790804228,20.61726913712583,20.66477394104004,169500,0.0,0.0,smartcentres,yfinance,2026-07-14T18:50:27.103795
2023-05-02 00:00:00-04:00,20.617266773999496,20.664771572468762,20.348070399089803,20.37973976135254,238600,0.0,0.0,smartcentres,yfinance,2026-07-14T18:50:27.103795
2023-05-03 00:00:00-04:00,20.38765305543499,20.498498064527222,20.253054897187283,20.3084774017334,174100,0.0,0.0,smartcentres,yfinance,2026-07-14T18:50:27.103795
2023-05-04 00:00:00-04:00,20.22930952954639,20.340156091427446,20.11846447781591,20.1422176361084,182600,0.0,0.0,smartcentres,yfinance,2026-07-14T18:50:27.103795
2023-05-05 00:00:00-04:00,20.189724482384932,20.490590300401212,20.189724482384932,20.34807586669922,385000,0.0,0.0,smartcentres,yfinance,2026-07-14T18:50:27.103795
2023-05-08 00:00:00-04:00,20.371822043249278,20.53809110311718,20.26889472820748,20.37973976135254,219300,0.0,0.0,smartcentres,yfinance,2026-07-14T18:50:27.103795
2023-05-09 00:00:00-04:00,20.276809326272048,20.55392186649475,20.063035500828743,20.32431411743164,273300,0.0,0.0,smartcentres,yfinance,2026-07-14T18:50:27.103795
2023-05-10 00:00:00-04:00,20.37974204745046,20.443082289231445,20.189721322107506,20.332237243652344,163800,0.0,0.0,smartcentres,yfinance,2026-07-14T18:50:27.103795
2023-05-11 00:00:00-04:00,20.696437304033026,20.696437304033026,20.14221072538332,20.498498916625977,275800,0.0,0.0,smartcentres,yfinance,2026-07-14T18:50:27.103795
2023-05-12 00:00:00-04:00,20.474752947542584,20.60143342975789,20.36390639299134,20.58559799194336,160700,0.0,0.0,smartcentres,yfinance,2026-07-14T18:50:27.103795
2023-05-15 00:00:00-04:00,20.538093723636983,20.75978381821323,20.498505128069432,20.74394989013672,255800,0.0,0.0,smartcentres,yfinance,2026-07-14T18:50:27.103795
2023-05-16 00:00:00-04:00,20.648938706952837,20.680609583308758,20.340155213235125,20.363906860351562,262300,0.0,0.0,smartcentres,yfinance,2026-07-14T18:50:27.103795
2023-05-17 00:00:00-04:00,20.482669830322266,20.50642147592402,20.173884846145775,20.482669830322266,162800,0.0,0.0,smartcentres,yfinance,2026-07-14T18:50:27.103795
2023-05-18 00:00:00-04:00,20.498501973916106,20.498501973916106,20.221389398335766,20.26889419555664,257200,0.0,0.0,smartcentres,yfinance,2026-07-14T18:50:27.103795
2023-05-19 00:00:00-04:00,20.292647372473656,20.371823047258086,20.134297533055193,20.3164005279541,164400,0.0,0.0,smartcentres,yfinance,2026-07-14T18:50:27.103795
2023-05-23 00:00:00-04:00,20.221386818227504,20.44307685040567,20.20555138445761,20.32431411743164,119100,0.0,0.0,smartcentres,yfinance,2026-07-14T18:50:27.103795
2023-05-24 00:00:00-04:00,20.276819862774875,20.36391177346494,20.189726441933942,20.260984420776367,276100,0.0,0.0,smartcentres,yfinance,2026-07-14T18:50:27.103795
2023-05-25 00:00:00-04:00,20.24514713250023,20.340158265675775,20.142219789198222,20.17388916015625,173900,0.0,0.0,smartcentres,yfinance,2026-07-14T18:50:27.103795
2023-05-26 00:00:00-04:00,20.150133009892,20.300565131114485,20.12637985436458,20.229307174682617,131200,0.0,0.0,smartcentres,yfinance,2026-07-14T18:50:27.103795
2023-05-29 00:00:00-04:00,20.260977968923132,20.42724552650907,20.260977968923132,20.403493881225586,64300,0.0,0.0,smartcentres,yfinance,2026-07-14T18:50:27.103795
2023-05-30 00:00:00-04:00,20.534128488637577,20.54209380978987,20.239417682921502,20.303138732910156,154200,0.154,0.0,smartcentres,yfinance,2026-07-14T18:50:27.103795
2023-05-31 00:00:00-04:00,20.27127368310996,20.303133440184087,20.143831616354905,20.183656692504883,203600,0.0,0.0,smartcentres,yfinance,2026-07-14T18:50:27.103795
2023-06-01 00:00:00-04:00,20.15180002508301,20.167730666878178,19.97656752302502,20.000463485717773,171400,0.0,0.0,smartcentres,yfinance,2026-07-14T18:50:27.103795
2023-06-02 00:00:00-04:00,20.064183183564168,20.390753722242312,20.064183183564168,20.3588924407959,191400,0.0,0.0,smartcentres,yfinance,2026-07-14T18:50:27.103795
2023-06-05 00:00:00-04:00,20.0721446111671,20.42260952373195,20.0721446111671,20.311098098754883,107300,0.0,0.0,smartcentres,yfinance,2026-07-14T18:50:27.103795
2023-06-06 00:00:00-04:00,20.35092462080519,20.358889940188444,20.263309146048076,20.327030181884766,143400,0.0,0.0,smartcentres,yfinance,2026-07-14T18:50:27.103795
2023-06-07 00:00:00-04:00,20.287208090605574,20.390755746355687,20.271278967530662,20.303138732910156,170900,0.0,0.0,smartcentres,yfinance,2026-07-14T18:50:27.103795
2023-06-08 00:00:00-04:00,20.38278441214338,20.38278441214338,20.024352662178448,20.207551956176758,337200,0.0,0.0,smartcentres,yfinance,2026-07-14T18:50:27.103795
2023-06-09 00:00:00-04:00,20.16772242056895,20.23940876010601,20.05621101205752,20.072141647338867,93100,0.0,0.0,smartcentres,yfinance,2026-07-14T18:50:27.103795
2023-06-12 00:00:00-04:00,20.048250765016594,20.056216084671853,19.952668448382852,19.976564407348633,119000,0.0,0.0,smartcentres,yfinance,2026-07-14T18:50:27.103795
2023-06-13 00:00:00-04:00,20.0721407440689,20.191617464844406,19.91283743688227,19.98452377319336,251200,0.0,0.0,smartcentres,yfinance,2026-07-14T18:50:27.103795
2023-06-14 00:00:00-04:00,20.0084285736084,20.08807874319744,19.91284624318011,20.0084285736084,139000,0.0,0.0,smartcentres,yfinance,2026-07-14T18:50:27.103795
2023-06-15 00:00:00-04:00,19.99249765449671,20.00046297519097,19.833194279070607,19.95267105102539,179200,0.0,0.0,smartcentres,yfinance,2026-07-14T18:50:27.103795
2023-06-16 00:00:00-04:00,19.984525892357155,20.032316281889276,19.73760710734059,19.753536224365234,484900,0.0,0.0,smartcentres,yfinance,2026-07-14T18:50:27.103795
2023-06-19 00:00:00-04:00,19.79336492331742,19.79336492331742,19.506619517123426,19.642026901245117,242400,0.0,0.0,smartcentres,yfinance,2026-07-14T18:50:27.103795
2023-06-20 00:00:00-04:00,19.6181309443192,19.697782614843003,19.458829122500845,19.642026901245117,264400,0.0,0.0,smartcentres,yfinance,2026-07-14T18:50:27.103795
2023-06-21 00:00:00-04:00,19.53051478043236,19.642026203667857,19.195978991496663,19.219873428344727,361400,0.0,0.0,smartcentres,yfinance,2026-07-14T18:50:27.103795
2023-06-22 00:00:00-04:00,19.148189888595162,19.172084327053007,18.853479154037554,18.8614444732666,333900,0.0,0.0,smartcentres,yfinance,2026-07-14T18:50:27.103795
2023-06-23 00:00:00-04:00,18.781792680224818,18.781792680224818,18.558768300924058,18.59062957763672,371700,0.0,0.0,smartcentres,yfinance,2026-07-14T18:50:27.103795
2023-06-26 00:00:00-04:00,18.590633336229022,18.821621562179086,18.510981647572944,18.813657760620117,239500,0.0,0.0,smartcentres,yfinance,2026-07-14T18:50:27.103795
2023-06-27 00:00:00-04:00,18.805689302274843,19.156154243122362,18.805689302274843,19.01278305053711,225600,0.0,0.0,smartcentres,yfinance,2026-07-14T18:50:27.103795
2023-06-28 00:00:00-04:00,19.020744885364422,19.203944175547278,18.933129418820474,19.172082901000977,328400,0.0,0.0,smartcentres,yfinance,2026-07-14T18:50:27.103795
2023-06-29 00:00:00-04:00,19.103142522482642,19.255455040026536,19.01496134985009,19.247438430786133,183300,0.154,0.0,smartcentres,yfinance,2026-07-14T18:50:27.103795
2023-06-30 00:00:00-04:00,19.31959029888918,19.47190284729004,19.28752385543124,19.47190284729004,210000,0.0,0.0,smartcentres,yfinance,2026-07-14T18:50:27.103795
2023-07-04 00:00:00-04:00,19.47991259701121,19.71238966141005,19.47189751735283,19.60817527770996,101300,0.0,0.0,smartcentres,yfinance,2026-07-14T18:50:27.103795
2023-07-05 00:00:00-04:00,19.632233916019942,19.736448346498648,19.479921340942383,19.479921340942383,257500,0.0,0.0,smartcentres,yfinance,2026-07-14T18:50:27.103795
2023-07-06 00:00:00-04:00,19.479914671122533,19.48793128064624,19.02297863135479,19.143224716186523,223200,0.0,0.0,smartcentres,yfinance,2026-07-14T18:50:27.103795
2023-07-07 00:00:00-04:00,19.05504356996601,19.32760215627606,19.05504356996601,19.135208129882812,262600,0.0,0.0,smartcentres,yfinance,2026-07-14T18:50:27.103795
2023-07-10 00:00:00-04:00,19.11917493467677,19.167273059078937,18.950829205751486,19.1271915435791,331300,0.0,0.0,smartcentres,yfinance,2026-07-14T18:50:27.103795
2023-07-11 00:00:00-04:00,19.191325667977633,19.247440409417155,19.127194316473606,19.223390579223633,153400,0.0,0.0,smartcentres,yfinance,2026-07-14T18:50:27.103795
2023-07-12 00:00:00-04:00,19.23942139638108,19.56007811385173,19.223388178254588,19.536029815673828,178300,0.0,0.0,smartcentres,yfinance,2026-07-14T18:50:27.103795
2023-07-13 00:00:00-04:00,19.576112253171793,19.640243599683757,19.391734823076398,19.616193771362305,216600,0.0,0.0,smartcentres,yfinance,2026-07-14T18:50:27.103795
2023-07-14 00:00:00-04:00,19.688343000785107,19.744457741486166,19.51999877868193,19.704376220703125,292400,0.0,0.0,smartcentres,yfinance,2026-07-14T18:50:27.103795
2023-07-17 00:00:00-04:00,19.760486537201857,19.848667697995953,19.608174040106142,19.784536361694336,283200,0.0,0.0,smartcentres,yfinance,2026-07-14T18:50:27.103795
2023-07-18 00:00:00-04:00,19.88074095251263,19.928840621701777,19.560084136313197,19.68834686279297,200300,0.0,0.0,smartcentres,yfinance,2026-07-14T18:50:27.103795
2023-07-19 00:00:00-04:00,19.840656452178955,20.065116954405532,19.792558319206147,20.041067123413086,199000,0.0,0.0,smartcentres,yfinance,2026-07-14T18:50:27.103795
2023-07-20 00:00:00-04:00,20.065117050783485,20.065117050783485,19.888754680682606,20.009000778198242,148900,0.0,0.0,smartcentres,yfinance,2026-07-14T18:50:27.103795
2023-07-21 00:00:00-04:00,20.033051322519785,20.225445391196807,19.960903355639388,20.153297424316406,190300,0.0,0.0,smartcentres,yfinance,2026-07-14T18:50:27.103795
2023-07-24 00:00:00-04:00,20.185359463486222,20.297588930145185,20.113211512344947,20.225440979003906,141900,0.0,0.0,smartcentres,yfinance,2026-07-14T18:50:27.103795
2023-07-25 00:00:00-04:00,20.233457475077685,20.337671861261406,20.16130952433874,20.26552391052246,199700,0.0,0.0,smartcentres,yfinance,2026-07-14T18:50:27.103795
2023-07-26 00:00:00-04:00,20.28155764840617,20.32965730643314,20.113213432347628,20.217426300048828,116500,0.0,0.0,smartcentres,yfinance,2026-07-14T18:50:27.103795
2023-07-27 00:00:00-04:00,20.225444671133637,20.273544333349562,19.960902644994405,20.009000778198242,164100,0.0,0.0,smartcentres,yfinance,2026-07-14T18:50:27.103795
2023-07-28 00:00:00-04:00,20.141287700191974,20.197752355682923,20.00416232815163,20.060626983642578,228100,0.154,0.0,smartcentres,yfinance,2026-07-14T18:50:27.103795
2023-07-31 00:00:00-04:00,20.04449305097054,20.221948770892407,20.04449305097054,20.0928897857666,278000,0.0,0.0,smartcentres,yfinance,2026-07-14T18:50:27.103795
2023-08-01 00:00:00-04:00,20.084824630173042,20.447804009512343,20.084824630173042,20.18161964416504,238300,0.0,0.0,smartcentres,yfinance,2026-07-14T18:50:27.103795
2023-08-02 00:00:00-04:00,20.08481794241362,20.14934741742001,19.931559862334424,20.020288467407227,284000,0.0,0.0,smartcentres,yfinance,2026-07-14T18:50:27.103795
2023-08-03 00:00:00-04:00,19.93155991832752,20.04448765378398,19.85896560493243,19.955759048461914,299100,0.0,0.0,smartcentres,yfinance,2026-07-14T18:50:27.103795
2023-08-04 00:00:00-04:00,19.979958970985535,20.205811373847485,19.963826216922794,20.125150680541992,136300,0.0,0.0,smartcentres,yfinance,2026-07-14T18:50:27.103795
2023-08-08 00:00:00-04:00,20.125151542140355,20.157415513143015,19.94769431686111,20.028356552124023,160100,0.0,0.0,smartcentres,yfinance,2026-07-14T18:50:27.103795
2023-08-09 00:00:00-04:00,20.10901792647925,20.157414650163368,19.95575983989142,20.125150680541992,176000,0.0,0.0,smartcentres,yfinance,2026-07-14T18:50:27.103795
2023-08-10 00:00:00-04:00,20.20581205435389,20.286474288880093,20.15741532903983,20.22194480895996,215700,0.0,0.0,smartcentres,yfinance,2026-07-14T18:50:27.103795
2023-08-11 00:00:00-04:00,20.24615023741486,20.262282997038213,20.05256173744851,20.076759338378906,190700,0.0,0.0,smartcentres,yfinance,2026-07-14T18:50:27.103795
2023-08-14 00:00:00-04:00,20.04448759747364,20.181612924175226,19.915428647460857,20.020288467407227,203700,0.0,0.0,smartcentres,yfinance,2026-07-14T18:50:27.103795
2023-08-15 00:00:00-04:00,19.971898706881007,20.04449458387912,19.92350196838379,19.92350196838379,201400,0.0,0.0,smartcentres,yfinance,2026-07-14T18:50:27.103795
2023-08-16 00:00:00-04:00,19.9315633948011,20.15741736660354,19.85896906874407,19.907365798950195,236100,0.0,0.0,smartcentres,yfinance,2026-07-14T18:50:27.103795
2023-08-17 00:00:00-04:00,19.867032190248715,19.97189355821523,19.705709257344804,19.713775634765625,235400,0.0,0.0,smartcentres,yfinance,2026-07-14T18:50:27.103795
2023-08-18 00:00:00-04:00,19.63311820415152,19.754110818067726,19.560522328100884,19.67344856262207,144800,0.0,0.0,smartcentres,yfinance,2026-07-14T18:50:27.103795
2023-08-21 00:00:00-04:00,19.63311060236899,19.63311060236899,19.31046324401738,19.423389434814453,290000,0.0,0.0,smartcentres,yfinance,2026-07-14T18:50:27.103795
2023-08-22 00:00:00-04:00,19.471793959925407,19.471793959925407,19.29433822631836,19.29433822631836,133300,0.0,0.0,smartcentres,yfinance,2026-07-14T18:50:27.103795
2023-08-23 00:00:00-04:00,19.374994443284383,19.62504597599006,19.30239858886917,19.616979598999023,159100,0.0,0.0,smartcentres,yfinance,2026-07-14T18:50:27.103795
2023-08-24 00:00:00-04:00,19.560517017121576,19.729906322911567,19.374994956921828,19.47178840637207,78900,0.0,0.0,smartcentres,yfinance,2026-07-14T18:50:27.103795
2023-08-25 00:00:00-04:00,19.439531079565896,19.65731872301463,19.439531079565896,19.633119583129883,128400,0.0,0.0,smartcentres,yfinance,2026-07-14T18:50:27.103795
2023-08-28 00:00:00-04:00,19.73797336643404,19.82670198017886,19.67344388512077,19.770238876342773,123000,0.0,0.0,smartcentres,yfinance,2026-07-14T18:50:27.103795
2023-08-29 00:00:00-04:00,19.802504421915224,19.9315633948011,19.681511827147755,19.907365798950195,152700,0.0,0.0,smartcentres,yfinance,2026-07-14T18:50:27.103795
2023-08-30 00:00:00-04:00,20.024244162394584,20.024244162394584,19.821323164213922,19.89437484741211,95400,0.154,0.0,smartcentres,yfinance,2026-07-14T18:50:27.103795
2023-08-31 00:00:00-04:00,19.870033989267593,19.870033989267593,19.488542873829726,19.52100944519043,426200,0.0,0.0,smartcentres,yfinance,2026-07-14T18:50:27.103795
2023-09-01 00:00:00-04:00,19.52911836670582,19.740156411506753,19.52911836670582,19.667104721069336,107000,0.0,0.0,smartcentres,yfinance,2026-07-14T18:50:27.103795
2023-09-05 00:00:00-04:00,19.594053677223325,19.821325782546744,19.594053677223325,19.675222396850586,174600,0.0,0.0,smartcentres,yfinance,2026-07-14T18:50:27.103795
2023-09-06 00:00:00-04:00,19.683344827341607,19.72392842421446,19.561592488558055,19.64276123046875,197200,0.0,0.0,smartcentres,yfinance,2026-07-14T18:50:27.103795
2023-09-07 00:00:00-04:00,19.529124372527786,19.732045453222028,19.521007343520218,19.64276123046875,102400,0.0,0.0,smartcentres,yfinance,2026-07-14T18:50:27.103795
2023-09-08 00:00:00-04:00,19.642760056392202,19.70769473640652,19.399253845214844,19.399253845214844,181900,0.0,0.0,smartcentres,yfinance,2026-07-14T18:50:27.103795
2023-09-11 00:00:00-04:00,19.399251974642176,19.553472405367312,19.383017919162743,19.423603057861328,120200,0.0,0.0,smartcentres,yfinance,2026-07-14T18:50:27.103795
2023-09-12 00:00:00-04:00,19.4236065457782,19.48042420199428,19.277503116556836,19.447956085205078,150200,0.0,0.0,smartcentres,yfinance,2026-07-14T18:50:27.103795
2023-09-13 00:00:00-04:00,19.472299112336497,19.764505849821706,19.36678087278038,19.6184024810791,301600,0.0,0.0,smartcentres,yfinance,2026-07-14T18:50:27.103795
2023-09-14 00:00:00-04:00,19.68334519155416,20.210939701488588,19.675228162396397,20.16223907470703,364900,0.0,0.0,smartcentres,yfinance,2026-07-14T18:50:27.103795
2023-09-15 00:00:00-04:00,20.08106877469333,20.27587281488418,19.732044288789556,19.780746459960938,880700,0.0,0.0,smartcentres,yfinance,2026-07-14T18:50:27.103795
2023-09-18 00:00:00-04:00,19.723927260260993,19.90249879155961,19.70769475136876,19.780746459960938,123800,0.0,0.0,smartcentres,yfinance,2026-07-14T18:50:27.103795
2023-09-19 00:00:00-04:00,19.723923533975093,19.772625695945557,19.521002503591955,19.553470611572266,174700,0.0,0.0,smartcentres,yfinance,2026-07-14T18:50:27.103795
2023-09-20 00:00:00-04:00,19.585945187481578,19.756399727812273,19.585945187481578,19.634647369384766,128900,0.0,0.0,smartcentres,yfinance,2026-07-14T18:50:27.103795
2023-09-21 00:00:00-04:00,19.480421243307337,19.65087418606718,19.24503207683161,19.301851272583008,257300,0.0,0.0,smartcentres,yfinance,2026-07-14T18:50:27.103795
2023-09-22 00:00:00-04:00,19.28561721665404,19.34243486424065,19.236916597031907,19.301851272583008,247000,0.0,0.0,smartcentres,yfinance,2026-07-14T18:50:27.103795
2023-09-25 00:00:00-04:00,19.27749440507007,19.293728456128513,18.952821124722806,18.96905517578125,249400,0.0,0.0,smartcentres,yfinance,2026-07-14T18:50:27.103795
2023-09-26 00:00:00-04:00,18.887896961712833,19.00964931596132,18.449586628620075,18.54698944091797,352000,0.0,0.0,smartcentres,yfinance,2026-07-14T18:50:27.103795
2023-09-27 00:00:00-04:00,18.660623614514776,18.77425893171792,18.262898456138675,18.303482055664062,563400,0.0,0.0,smartcentres,yfinance,2026-07-14T18:50:27.103795
2023-09-28 00:00:00-04:00,18.388470303864796,18.625478002676715,18.3312619789957,18.584613800048828,227600,0.154,0.0,smartcentres,yfinance,2026-07-14T18:50:27.103795
2023-09-29 00:00:00-04:00,18.756246402488788,18.870663089249184,18.60096549987793,18.60096549987793,379100,0.0,0.0,smartcentres,yfinance,2026-07-14T18:50:27.103795
2023-10-02 00:00:00-04:00,18.55192610049436,18.568270224588954,18.012531035119856,18.143293380737305,454100,0.0,0.0,smartcentres,yfinance,2026-07-14T18:50:27.103795
2023-10-03 00:00:00-04:00,17.979841306828966,18.17598484311896,17.58755423424898,17.693798065185547,403900,0.0,0.0,smartcentres,yfinance,2026-07-14T18:50:27.103795
2023-10-04 00:00:00-04:00,17.73465777867155,18.118771911643748,17.73465777867155,18.08608055114746,319800,0.0,0.0,smartcentres,yfinance,2026-07-14T18:50:27.103795
2023-10-05 00:00:00-04:00,18.102434454995606,18.347615093669187,18.02888041927459,18.265888214111328,172000,0.0,0.0,smartcentres,yfinance,2026-07-14T18:50:27.103795
2023-10-06 00:00:00-04:00,18.159637020574607,18.42933454606992,17.898112336313705,18.404817581176758,166400,0.0,0.0,smartcentres,yfinance,2026-07-14T18:50:27.103795
2023-10-10 00:00:00-04:00,18.690865069448343,18.690865069448343,18.494719952524317,18.592792510986328,164000,0.0,0.0,smartcentres,yfinance,2026-07-14T18:50:27.103795
2023-10-11 00:00:00-04:00,18.70720162926415,18.919690787632018,18.592784989685228,18.903345108032227,217300,0.0,0.0,smartcentres,yfinance,2026-07-14T18:50:27.103795
2023-10-12 00:00:00-04:00,18.903349169785322,18.93604053600928,18.699032807315998,18.772586822509766,238300,0.0,0.0,smartcentres,yfinance,2026-07-14T18:50:27.103795
2023-10-13 00:00:00-04:00,18.75624560067268,18.805281098786555,18.58461901905855,18.68269157409668,123200,0.0,0.0,smartcentres,yfinance,2026-07-14T18:50:27.103795
2023-10-16 00:00:00-04:00,18.829799887393296,18.96873354083366,18.666346146341667,18.862489700317383,167400,0.0,0.0,smartcentres,yfinance,2026-07-14T18:50:27.103795
2023-10-17 00:00:00-04:00,18.674512710309166,18.98507284331457,18.674512710309166,18.952383041381836,153800,0.0,0.0,smartcentres,yfinance,2026-07-14T18:50:27.103795
2023-10-18 00:00:00-04:00,18.944216251981914,18.944216251981914,18.641827303769208,18.69903564453125,176900,0.0,0.0,smartcentres,yfinance,2026-07-14T18:50:27.103795
2023-10-19 00:00:00-04:00,18.690866835231358,18.780765000269852,18.42934050756228,18.43751335144043,159200,0.0,0.0,smartcentres,yfinance,2026-07-14T18:50:27.103795
2023-10-20 00:00:00-04:00,18.51923875923218,18.61731131916317,17.996189263094788,18.004362106323242,275600,0.0,0.0,smartcentres,yfinance,2026-07-14T18:50:27.103795
2023-10-23 00:00:00-04:00,17.832737490233402,18.110607955519306,17.82456464610021,18.028881072998047,205800,0.0,0.0,smartcentres,yfinance,2026-07-14T18:50:27.103795
2023-10-24 00:00:00-04:00,18.061563964534272,18.077909645121746,17.914455956866817,17.963491439819336,206000,0.0,0.0,smartcentres,yfinance,2026-07-14T18:50:27.103795
2023-10-25 00:00:00-04:00,17.873595796673527,17.873595796673527,17.563034057617188,17.563034057617188,267100,0.0,0.0,smartcentres,yfinance,2026-07-14T18:50:27.103795
2023-10-26 00:00:00-04:00,17.554862000735305,17.881767878449054,17.43227249144392,17.481307983398438,302900,0.0,0.0,smartcentres,yfinance,2026-07-14T18:50:27.103795
2023-10-27 00:00:00-04:00,17.538525005771714,17.70197880500906,17.154410604018196,17.39141845703125,361800,0.0,0.0,smartcentres,yfinance,2026-07-14T18:50:27.103795
2023-10-30 00:00:00-04:00,17.016021340776955,17.633438658555256,17.016021340776955,17.57581329345703,271000,0.154,0.0,smartcentres,yfinance,2026-07-14T18:50:27.103795
2023-10-31 00:00:00-04:00,17.67459618404397,17.781616046918487,17.477022864321597,17.69106101989746,329500,0.0,0.0,smartcentres,yfinance,2026-07-14T18:50:27.103795
2023-11-01 00:00:00-04:00,17.723993140558758,18.250855399282543,17.69929588336606,18.226158142089844,243200,0.0,0.0,smartcentres,yfinance,2026-07-14T18:50:27.103795
2023-11-02 00:00:00-04:00,18.43196717283819,18.950598674530934,18.423734752315834,18.925901412963867,281800,0.0,0.0,smartcentres,yfinance,2026-07-14T18:50:27.103795
2023-11-03 00:00:00-04:00,19.20579410183566,19.65856616088818,19.15640115743455,19.46099281311035,351900,0.0,0.0,smartcentres,yfinance,2026-07-14T18:50:27.103795
2023-11-06 00:00:00-05:00,19.510380902944313,19.518611749156264,18.991749661910315,19.10700035095215,306800,0.0,0.0,smartcentres,yfinance,2026-07-14T18:50:27.103795
2023-11-07 00:00:00-05:00,18.95059170345777,19.032914308224868,18.769481658935547,18.769481658935547,171200,0.0,0.0,smartcentres,yfinance,2026-07-14T18:50:27.103795
2023-11-08 00:00:00-05:00,18.753020378300885,19.057612006941714,18.753020378300885,18.99998664855957,190300,0.0,0.0,smartcentres,yfinance,2026-07-14T18:50:27.103795
2023-11-09 00:00:00-05:00,19.39513674752506,19.39513674752506,18.86004202031771,18.917667388916016,247300,0.0,0.0,smartcentres,yfinance,2026-07-14T18:50:27.103795
2023-11-10 00:00:00-05:00,18.97529108933581,18.999988346638236,18.70362753970267,18.86827278137207,252300,0.0,0.0,smartcentres,yfinance,2026-07-14T18:50:27.103795
2023-11-13 00:00:00-05:00,18.884737867350726,18.884737867350726,18.514286853820767,18.62953758239746,200700,0.0,0.0,smartcentres,yfinance,2026-07-14T18:50:27.103795
2023-11-14 00:00:00-05:00,18.90943480055285,19.47745920199563,18.892971531224024,19.42806625366211,393000,0.0,0.0,smartcentres,yfinance,2026-07-14T18:50:27.103795
2023-11-15 00:00:00-05:00,19.460992543170775,19.568012419757686,19.263419198133445,19.288116455078125,217600,0.0,0.0,smartcentres,yfinance,2026-07-14T18:50:27.103795
2023-11-16 00:00:00-05:00,19.26341713130248,19.345739742112066,19.16463125446954,19.197559356689453,150200,0.0,0.0,smartcentres,yfinance,2026-07-14T18:50:27.103795
2023-11-17 00:00:00-05:00,19.197561600478174,19.271651801849057,18.942362890297012,19.008220672607422,224100,0.0,0.0,smartcentres,yfinance,2026-07-14T18:50:27.103795
2023-11-20 00:00:00-05:00,19.008219066924628,19.016451485289686,18.794180899952917,18.99998664855957,198200,0.0,0.0,smartcentres,yfinance,2026-07-14T18:50:27.103795
2023-11-21 00:00:00-05:00,18.942361085153575,18.95882592170548,18.670697562740088,18.687162399291992,304800,0.0,0.0,smartcentres,yfinance,2026-07-14T18:50:27.103795
2023-11-22 00:00:00-05:00,18.629536205543445,18.991754773094076,18.604840519915577,18.94236183166504,214900,0.0,0.0,smartcentres,yfinance,2026-07-14T18:50:27.103795
2023-11-23 00:00:00-05:00,18.934125193185515,19.057608304323875,18.860035012467907,18.901195526123047,95300,0.0,0.0,smartcentres,yfinance,2026-07-14T18:50:27.103795
2023-11-24 00:00:00-05:00,18.8929700386745,18.983523508436615,18.851807943170453,18.86827278137207,96400,0.0,0.0,smartcentres,yfinance,2026-07-14T18:50:27.103795
2023-11-27 00:00:00-05:00,18.851801926605106,18.92589210469307,18.711853986902614,18.87649917602539,300200,0.0,0.0,smartcentres,yfinance,2026-07-14T18:50:27.103795
2023-11-28 00:00:00-05:00,18.777713878734634,18.876501317449716,18.68716042759997,18.82710838317871,167300,0.0,0.0,smartcentres,yfinance,2026-07-14T18:50:27.103795
2023-11-29 00:00:00-05:00,18.929884162686484,18.996188421822307,18.764122724437815,18.871868133544922,268000,0.154,0.0,smartcentres,yfinance,2026-07-14T18:50:27.103795
2023-11-30 00:00:00-05:00,18.855289588222515,19.153659511744078,18.813850023652545,19.137083053588867,853000,0.0,0.0,smartcentres,yfinance,2026-07-14T18:50:27.103795
2023-12-01 00:00:00-05:00,19.095640986007595,19.684090946022433,19.095640986007595,19.650938034057617,357200,0.0,0.0,smartcentres,yfinance,2026-07-14T18:50:27.103795
2023-12-04 00:00:00-05:00,19.485182102679165,19.916160559266086,19.460317413746708,19.725534439086914,269600,0.0,0.0,smartcentres,yfinance,2026-07-14T18:50:27.103795
2023-12-05 00:00:00-05:00,19.77526133201324,20.057054781231884,19.725531960397266,19.883005142211914,287600,0.0,0.0,smartcentres,yfinance,2026-07-14T18:50:27.103795
2023-12-06 00:00:00-05:00,19.98246222245185,20.18966319421243,19.98246222245185,20.015613555908203,221100,0.0,0.0,smartcentres,yfinance,2026-07-14T18:50:27.103795
2023-12-07 00:00:00-05:00,20.023908368746774,20.16480513910642,19.775267753203153,19.78355598449707,264100,0.0,0.0,smartcentres,yfinance,2026-07-14T18:50:27.103795
2023-12-08 00:00:00-05:00,19.692378200031033,19.8249866796958,19.53490503762246,19.700666427612305,219000,0.0,0.0,smartcentres,yfinance,2026-07-14T18:50:27.103795
2023-12-11 00:00:00-05:00,19.725534452713486,19.725534452713486,19.42716608940872,19.501758575439453,263800,0.0,0.0,smartcentres,yfinance,2026-07-14T18:50:27.103795
2023-12-12 00:00:00-05:00,19.50175653886829,19.684092829669694,19.3691480399549,19.44373893737793,217800,0.0,0.0,smartcentres,yfinance,2026-07-14T18:50:27.103795
2023-12-13 00:00:00-05:00,19.510048912814355,20.57920536006188,19.435456418725188,20.5709171295166,405800,0.0,0.0,smartcentres,yfinance,2026-07-14T18:50:27.103795
2023-12-14 00:00:00-05:00,20.71181155773584,21.05162106778291,20.57091481594914,20.686946868896484,449300,0.0,0.0,smartcentres,yfinance,2026-07-14T18:50:27.103795
2023-12-15 00:00:00-05:00,20.72838454117942,20.72838454117942,20.322270843143627,20.363710403442383,528000,0.0,0.0,smartcentres,yfinance,2026-07-14T18:50:27.103795
2023-12-18 00:00:00-05:00,20.355426399035824,20.43001888770608,20.15651362285455,20.247682571411133,230400,0.0,0.0,smartcentres,yfinance,2026-07-14T18:50:27.103795
2023-12-19 00:00:00-05:00,20.197956465468746,20.430020600054988,20.197956465468746,20.305700302124023,215900,0.0,0.0,smartcentres,yfinance,2026-07-14T18:50:27.103795
2023-12-20 00:00:00-05:00,20.380293752016023,20.388581983042236,19.94931522356363,19.957603454589844,349500,0.0,0.0,smartcentres,yfinance,2026-07-14T18:50:27.103795
2023-12-21 00:00:00-05:00,20.040484670765043,20.264262171452426,20.023908208310022,20.12336540222168,217100,0.0,0.0,smartcentres,yfinance,2026-07-14T18:50:27.103795
2023-12-22 00:00:00-05:00,20.255962504042746,20.4134340660042,20.255962504042746,20.330554962158203,144400,0.0,0.0,smartcentres,yfinance,2026-07-14T18:50:27.103795
2023-12-27 00:00:00-05:00,20.30569997999328,20.512901000197292,20.239395716760725,20.49632453918457,192700,0.0,0.0,smartcentres,yfinance,2026-07-14T18:50:27.103795
2023-12-28 00:00:00-05:00,20.50799796869366,20.641437436987992,20.47463730625811,20.541357040405273,116400,0.154,0.0,smartcentres,yfinance,2026-07-14T18:50:27.103795
2023-12-29 00:00:00-05:00,20.591397342669776,20.79989670371946,20.46629804418474,20.758195877075195,289700,0.0,0.0,smartcentres,yfinance,2026-07-14T18:50:27.103795
2024-01-02 00:00:00-05:00,20.683135979839395,20.86661643562641,20.591397342669776,20.758195877075195,164400,0.0,0.0,smartcentres,yfinance,2026-07-14T18:50:27.103795
2024-01-03 00:00:00-05:00,20.758195419343245,20.84993564521382,20.583056723470897,20.724836349487305,256500,0.0,0.0,smartcentres,yfinance,2026-07-14T18:50:27.103795
2024-01-04 00:00:00-05:00,20.708160104199568,21.083459656136547,20.658120694182692,21.033418655395508,338000,0.0,0.0,smartcentres,yfinance,2026-07-14T18:50:27.103795
2024-01-05 00:00:00-05:00,21.02507465753773,21.266934678209928,20.975035256638744,21.258594512939453,207900,0.0,0.0,smartcentres,yfinance,2026-07-14T18:50:27.103795
2024-01-08 00:00:00-05:00,21.233575344467432,21.517134618493813,21.183535940440418,21.3503360748291,184600,0.0,0.0,smartcentres,yfinance,2026-07-14T18:50:27.103795
2024-01-09 00:00:00-05:00,21.30864050241097,21.316980670260204,21.03342132628373,21.066781997680664,268700,0.0,0.0,smartcentres,yfinance,2026-07-14T18:50:27.103795
2024-01-10 00:00:00-05:00,21.16685812289531,21.23357786643045,21.05843913617226,21.108478546142578,350900,0.0,0.0,smartcentres,yfinance,2026-07-14T18:50:27.103795
2024-01-11 00:00:00-05:00,21.1001346506573,21.375353742945045,20.78321632255052,21.358675003051758,759800,0.0,0.0,smartcentres,yfinance,2026-07-14T18:50:27.103795
2024-01-12 00:00:00-05:00,21.350332930340798,21.475432217345634,21.166852491391545,21.208553314208984,216000,0.0,0.0,smartcentres,yfinance,2026-07-14T18:50:27.103795
2024-01-15 00:00:00-05:00,21.208555215229072,21.283615112304688,21.141835483464515,21.283615112304688,103400,0.0,0.0,smartcentres,yfinance,2026-07-14T18:50:27.103795
2024-01-16 00:00:00-05:00,21.225238130804318,21.25859720538735,21.016738744807117,21.21689796447754,206000,0.0,0.0,smartcentres,yfinance,2026-07-14T18:50:27.103795
2024-01-17 00:00:00-05:00,21.100136860066012,21.100136860066012,20.558038784035677,20.733179092407227,377200,0.0,0.0,smartcentres,yfinance,2026-07-14T18:50:27.103795
2024-01-18 00:00:00-05:00,20.833261544423763,20.891641127171038,20.524683295409808,20.683141708374023,203800,0.0,0.0,smartcentres,yfinance,2026-07-14T18:50:27.103795
2024-01-19 00:00:00-05:00,20.641432462282335,20.7915522256147,20.324514199143437,20.499652862548828,358300,0.0,0.0,smartcentres,yfinance,2026-07-14T18:50:27.103795
2024-01-22 00:00:00-05:00,20.558036013295755,20.874955922597955,20.424596553818144,20.824914932250977,252000,0.0,0.0,smartcentres,yfinance,2026-07-14T18:50:27.103795
2024-01-23 00:00:00-05:00,20.858277027911953,21.016736993467983,20.658117824920936,20.94167709350586,287100,0.0,0.0,smartcentres,yfinance,2026-07-14T18:50:27.103795
2024-01-24 00:00:00-05:00,20.933340213164985,21.08346003664913,20.72484081182016,20.80824089050293,214500,0.0,0.0,smartcentres,yfinance,2026-07-14T18:50:27.103795
2024-01-25 00:00:00-05:00,20.82491527530599,20.84993577089165,20.34953699424548,20.449617385864258,719200,0.0,0.0,smartcentres,yfinance,2026-07-14T18:50:27.103795
2024-01-26 00:00:00-05:00,20.482977573989753,20.60807687729891,20.282818370550316,20.566377639770508,257000,0.0,0.0,smartcentres,yfinance,2026-07-14T18:50:27.103795
2024-01-29 00:00:00-05:00,20.616417024273616,20.74151791819339,20.432938152301325,20.71649742126465,239200,0.0,0.0,smartcentres,yfinance,2026-07-14T18:50:27.103795
2024-01-30 00:00:00-05:00,20.619152453936213,20.88769631127226,20.602368062690797,20.795385360717773,277000,0.154,0.0,smartcentres,yfinance,2026-07-14T18:50:27.103795
2024-01-31 00:00:00-05:00,20.81216487181465,20.91286960277083,20.585582028296194,20.694677352905273,1121300,0.0,0.0,smartcentres,yfinance,2026-07-14T18:50:27.103795
2024-02-01 00:00:00-05:00,20.812165255702936,20.929654377426843,20.585582408005074,20.887693405151367,422400,0.0,0.0,smartcentres,yfinance,2026-07-14T18:50:27.103795
2024-02-02 00:00:00-05:00,20.74502919788059,20.77020578112108,20.47648537923837,20.711462020874023,438400,0.0,0.0,smartcentres,yfinance,2026-07-14T18:50:27.103795
2024-02-05 00:00:00-05:00,20.63593392581765,20.63593392581765,20.19954941905803,20.24151039123535,221400,0.0,0.0,smartcentres,yfinance,2026-07-14T18:50:27.103795
2024-02-06 00:00:00-05:00,20.24151090781683,20.510054734015487,20.132413978018963,20.44291877746582,288800,0.0,0.0,smartcentres,yfinance,2026-07-14T18:50:27.103795
2024-02-07 00:00:00-05:00,20.392565192079203,20.535229296907467,20.375782403770973,20.417741775512695,343700,0.0,0.0,smartcentres,yfinance,2026-07-14T18:50:27.103795
2024-02-08 00:00:00-05:00,20.375787597618,20.476490755726637,20.233123456424238,20.367395401000977,168200,0.0,0.0,smartcentres,yfinance,2026-07-14T18:50:27.103795
2024-02-09 00:00:00-05:00,20.275077137117716,20.51844596862793,20.275077137117716,20.51844596862793,133300,0.0,0.0,smartcentres,yfinance,2026-07-14T18:50:27.103795
2024-02-12 00:00:00-05:00,20.317040456420564,20.55201713934208,20.317040456420564,20.37578582763672,172800,0.0,0.0,smartcentres,yfinance,2026-07-14T18:50:27.103795
2024-02-13 00:00:00-05:00,20.165979359940863,20.165979359940863,19.73798710878326,19.863866806030273,287900,0.0,0.0,smartcentres,yfinance,2026-07-14T18:50:27.103795
2024-02-14 00:00:00-05:00,19.922613515322386,20.283469874803483,19.922613515322386,20.266685485839844,273700,0.0,0.0,smartcentres,yfinance,2026-07-14T18:50:27.103795
2024-02-15 00:00:00-05:00,20.14919659873041,20.510052933753624,20.14919659873041,20.317035675048828,379900,0.0,0.0,smartcentres,yfinance,2026-07-14T18:50:27.103795
2024-02-16 00:00:00-05:00,20.140801041964522,20.325424475282926,20.056880717493595,20.17436981201172,233000,0.0,0.0,smartcentres,yfinance,2026-07-14T18:50:27.103795
2024-02-20 00:00:00-05:00,20.09885226205435,20.207947620852085,19.989755302608714,20.124027252197266,195500,0.0,0.0,smartcentres,yfinance,2026-07-14T18:50:27.103795
2024-02-21 00:00:00-05:00,20.065277093866836,20.27507714846657,20.065277093866836,20.216333389282227,255200,0.0,0.0,smartcentres,yfinance,2026-07-14T18:50:27.103795
2024-02-22 00:00:00-05:00,20.291857305882786,20.291857305882786,19.96456980115792,20.17436981201172,310800,0.0,0.0,smartcentres,yfinance,2026-07-14T18:50:27.103795
2024-02-23 00:00:00-05:00,20.165987395091733,20.300259339075584,20.040106047040016,20.20794677734375,123300,0.0,0.0,smartcentres,yfinance,2026-07-14T18:50:27.103795
2024-02-26 00:00:00-05:00,20.140803207822287,20.266682907741732,19.88065161456914,19.8890438079834,359900,0.0,0.0,smartcentres,yfinance,2026-07-14T18:50:27.103795
2024-02-27 00:00:00-05:00,19.93939916334774,20.06527888722878,19.788342854431484,19.90583038330078,347400,0.0,0.0,smartcentres,yfinance,2026-07-14T18:50:27.103795
2024-02-28 00:00:00-05:00,20.01056813352435,20.01056813352435,19.698034286499023,19.698034286499023,323200,0.154,0.0,smartcentres,yfinance,2026-07-14T18:50:27.103795
2024-02-29 00:00:00-05:00,19.790953187599577,19.900761436496214,19.52910150860957,19.605121612548828,405100,0.0,0.0,smartcentres,yfinance,2026-07-14T18:50:27.103795
2024-03-01 00:00:00-05:00,19.60512556703844,19.917659526504778,19.478423220106368,19.883872985839844,182600,0.0,0.0,smartcentres,yfinance,2026-07-14T18:50:27.103795
2024-03-04 00:00:00-05:00,19.892311255973247,19.951440500302386,19.630459618372896,19.698034286499023,265300,0.0,0.0,smartcentres,yfinance,2026-07-14T18:50:27.103795
2024-03-05 00:00:00-05:00,19.638910578928964,19.790954015381743,19.44463357062041,19.529102325439453,306200,0.0,0.0,smartcentres,yfinance,2026-07-14T18:50:27.103795
2024-03-06 00:00:00-05:00,19.58822950887652,19.605121970556258,19.461527185187492,19.469972610473633,227700,0.0,0.0,smartcentres,yfinance,2026-07-14T18:50:27.103795
2024-03-07 00:00:00-05:00,19.554439129756588,19.76561018215376,19.486864457433786,19.714929580688477,376100,0.0,0.0,smartcentres,yfinance,2026-07-14T18:50:27.103795
2024-03-08 00:00:00-05:00,19.81629408149295,19.824741118327484,19.6304641044558,19.68114471435547,154500,0.0,0.0,smartcentres,yfinance,2026-07-14T18:50:27.103795
2024-03-11 00:00:00-04:00,19.63891609858972,19.689596721282307,19.5375532420966,19.613574981689453,134400,0.0,0.0,smartcentres,yfinance,2026-07-14T18:50:27.103795
2024-03-12 00:00:00-04:00,19.622016658546716,19.647357768522017,19.44463372204213,19.47842025756836,231500,0.0,0.0,smartcentres,yfinance,2026-07-14T18:50:27.103795
2024-03-13 00:00:00-04:00,19.512204479643497,19.58822618317138,19.334819967709382,19.39394760131836,257100,0.0,0.0,smartcentres,yfinance,2026-07-14T18:50:27.103795
2024-03-14 00:00:00-04:00,19.419292640489154,19.427739677159952,19.039185656948355,19.115205764770508,303500,0.0,0.0,smartcentres,yfinance,2026-07-14T18:50:27.103795
2024-03-15 00:00:00-04:00,19.13209906223353,19.233461887064934,18.996949703196613,19.047630310058594,625900,0.0,0.0,smartcentres,yfinance,2026-07-14T18:50:27.103795
2024-03-18 00:00:00-04:00,19.064524634844197,19.317930894720302,19.047630561964297,19.191226959228516,369200,0.0,0.0,smartcentres,yfinance,2026-07-14T18:50:27.103795
2024-03-19 00:00:00-04:00,19.208115350423032,19.35171170521201,19.09830713139945,19.3010311126709,269400,0.0,0.0,smartcentres,yfinance,2026-07-14T18:50:27.103795
2024-03-20 00:00:00-04:00,19.28414739836384,19.478424450000443,19.27570035988731,19.45308494567871,185900,0.0,0.0,smartcentres,yfinance,2026-07-14T18:50:27.103795
2024-03-21 00:00:00-04:00,19.51220881098739,19.723379898528144,19.469973626814713,19.68114471435547,260800,0.0,0.0,smartcentres,yfinance,2026-07-14T18:50:27.103795
2024-03-22 00:00:00-04:00,19.706484553630485,19.706484553630485,19.436185836791992,19.436185836791992,229000,0.0,0.0,smartcentres,yfinance,2026-07-14T18:50:27.103795
2024-03-25 00:00:00-04:00,19.427735741156166,19.571332113252478,19.360161072587736,19.39394760131836,180700,0.0,0.0,smartcentres,yfinance,2026-07-14T18:50:27.103795
2024-03-26 00:00:00-04:00,19.427743151374326,19.512211922080123,19.33482734248717,19.36016845703125,265600,0.0,0.0,smartcentres,yfinance,2026-07-14T18:50:27.103795
2024-03-27 00:00:00-04:00,19.38908029215732,19.737743460019363,19.38908029215732,19.661209106445312,288200,0.154,0.0,smartcentres,yfinance,2026-07-14T18:50:27.103795
2024-03-28 00:00:00-04:00,19.66970345842734,19.797264445863703,19.601671688730434,19.754743576049805,352400,0.0,0.0,smartcentres,yfinance,2026-07-14T18:50:27.103795
2024-04-01 00:00:00-04:00,19.74624149145909,19.754745666321707,19.482618558740004,19.559154510498047,175200,0.0,0.0,smartcentres,yfinance,2026-07-14T18:50:27.103795
2024-04-02 00:00:00-04:00,19.516631729403024,19.516631729403024,19.346551506913787,19.465606689453125,285500,0.0,0.0,smartcentres,yfinance,2026-07-14T18:50:27.103795
2024-04-03 00:00:00-04:00,19.4486043829062,19.50813198769863,19.142460561681617,19.150964736938477,303200,0.0,0.0,smartcentres,yfinance,2026-07-14T18:50:27.103795
2024-04-04 00:00:00-04:00,19.53364317215308,19.53364317215308,19.201988442397777,19.27852439880371,163100,0.0,0.0,smartcentres,yfinance,2026-07-14T18:50:27.103795
2024-04-05 00:00:00-04:00,19.372069635063607,19.66120512379632,19.287029499200038,19.635692596435547,209700,0.0,0.0,smartcentres,yfinance,2026-07-14T18:50:27.103795
2024-04-08 00:00:00-04:00,19.635694714042405,19.73774159047936,19.414590985754526,19.712230682373047,247000,0.0,0.0,smartcentres,yfinance,2026-07-14T18:50:27.103795
2024-04-09 00:00:00-04:00,19.76324947876856,19.967344805712166,19.678209353707356,19.950336456298828,206400,0.0,0.0,smartcentres,yfinance,2026-07-14T18:50:27.103795
2024-04-10 00:00:00-04:00,19.644199393317,19.669710302075973,19.287032072638294,19.372072219848633,254500,0.0,0.0,smartcentres,yfinance,2026-07-14T18:50:27.103795
2024-04-11 00:00:00-04:00,19.55915213086451,19.55915213086451,19.227497461600247,19.40608024597168,255700,0.0,0.0,smartcentres,yfinance,2026-07-14T18:50:27.103795
2024-04-12 00:00:00-04:00,19.34655467491305,19.397578101212826,19.108442648838302,19.159467697143555,228600,0.0,0.0,smartcentres,yfinance,2026-07-14T18:50:27.103795
2024-04-15 00:00:00-04:00,19.25301599147672,19.3040410546669,18.84482521799097,18.861833572387695,211500,0.0,0.0,smartcentres,yfinance,2026-07-14T18:50:27.103795
2024-04-16 00:00:00-04:00,18.861826463220524,18.91284988517364,18.725762923342,18.844818115234375,151300,0.0,0.0,smartcentres,yfinance,2026-07-14T18:50:27.103795
2024-04-17 00:00:00-04:00,18.887340215318545,18.980884521362896,18.691749049958162,18.708757400512695,262500,0.0,0.0,smartcentres,yfinance,2026-07-14T18:50:27.103795
2024-04-18 00:00:00-04:00,18.76828453648308,18.887339743378803,18.57269337600995,18.77678871154785,237500,0.0,0.0,smartcentres,yfinance,2026-07-14T18:50:27.103795
2024-04-19 00:00:00-04:00,18.708764950725115,18.989396360105744,18.708764950725115,18.980892181396484,167900,0.0,0.0,smartcentres,yfinance,2026-07-14T18:50:27.103795
2024-04-22 00:00:00-04:00,18.989391176247125,19.397581910823373,18.980886999859393,19.38057518005371,254300,0.0,0.0,smartcentres,yfinance,2026-07-14T18:50:27.103795
2024-04-23 00:00:00-04:00,19.363565225510083,19.576164751599553,19.26151673930465,19.287029266357422,260000,0.0,0.0,smartcentres,yfinance,2026-07-14T18:50:27.103795
2024-04-24 00:00:00-04:00,19.227502966890885,19.31254148550851,19.10844612121582,19.10844612121582,180300,0.0,0.0,smartcentres,yfinance,2026-07-14T18:50:27.103795
2024-04-25 00:00:00-04:00,18.989388259472253,19.14246016692791,18.870333052342538,19.04891586303711,230700,0.0,0.0,smartcentres,yfinance,2026-07-14T18:50:27.103795
2024-04-26 00:00:00-04:00,19.04891862798848,19.210494733978408,19.014903544730792,19.082935333251953,133700,0.0,0.0,smartcentres,yfinance,2026-07-14T18:50:27.103795
2024-04-29 00:00:00-04:00,19.112050889185863,19.386058529670848,19.000735897694224,19.077800750732422,187900,0.154,0.0,smartcentres,yfinance,2026-07-14T18:50:27.103795
2024-04-30 00:00:00-04:00,19.034986036147664,19.214804570974916,19.009298840611173,19.077800750732422,274200,0.0,0.0,smartcentres,yfinance,2026-07-14T18:50:27.103795
2024-05-01 00:00:00-04:00,19.052112776118044,19.249055572394088,18.99217380622659,19.069238662719727,166900,0.0,0.0,smartcentres,yfinance,2026-07-14T18:50:27.103795
2024-05-02 00:00:00-04:00,19.266175573087132,19.471681249881055,19.12060884787303,19.2918643951416,261100,0.0,0.0,smartcentres,yfinance,2026-07-14T18:50:27.103795
2024-05-03 00:00:00-04:00,19.65150499801634,19.69431807968643,19.394621608352672,19.480249404907227,177600,0.0,0.0,smartcentres,yfinance,2026-07-14T18:50:27.103795
2024-05-06 00:00:00-04:00,19.540182002356723,19.720000479821213,19.463117173902493,19.63437271118164,210100,0.0,0.0,smartcentres,yfinance,2026-07-14T18:50:27.103795
2024-05-07 00:00:00-04:00,19.68574899766454,19.720000758890624,19.300426483154297,19.300426483154297,171500,0.0,0.0,smartcentres,yfinance,2026-07-14T18:50:27.103795
2024-05-08 00:00:00-04:00,19.27473736912929,19.505931854248047,19.180546660403756,19.505931854248047,283000,0.0,0.0,smartcentres,yfinance,2026-07-14T18:50:27.103795
2024-05-09 00:00:00-04:00,19.694316352486062,19.694316352486062,19.411745791887657,19.497373580932617,143400,0.0,0.0,smartcentres,yfinance,2026-07-14T18:50:27.103795
2024-05-10 00:00:00-04:00,19.505932837025476,19.625810739105958,19.45455519337905,19.531620025634766,155400,0.0,0.0,smartcentres,yfinance,2026-07-14T18:50:27.103795
2024-05-13 00:00:00-04:00,19.625807454608996,19.634370393783676,19.420301814057666,19.60011863708496,157900,0.0,0.0,smartcentres,yfinance,2026-07-14T18:50:27.103795
2024-05-14 00:00:00-04:00,19.68575341026014,19.68575341026014,19.411745791887657,19.497373580932617,214500,0.0,0.0,smartcentres,yfinance,2026-07-14T18:50:27.103795
2024-05-15 00:00:00-04:00,19.685751285645257,19.831318021346902,19.591560564540053,19.608686447143555,265900,0.0,0.0,smartcentres,yfinance,2026-07-14T18:50:27.103795
2024-05-16 00:00:00-04:00,19.625815612171753,19.80563250994079,19.591563841236127,19.668628692626953,180800,0.0,0.0,smartcentres,yfinance,2026-07-14T18:50:27.103795
2024-05-17 00:00:00-04:00,19.617246627807617,19.660059695077443,19.47167991259085,19.617246627807617,324100,0.0,0.0,smartcentres,yfinance,2026-07-14T18:50:27.103795
2024-05-21 00:00:00-04:00,19.668625403041755,19.677188344343506,19.523058667340106,19.608686447143555,164000,0.0,0.0,smartcentres,yfinance,2026-07-14T18:50:27.103795
2024-05-22 00:00:00-04:00,19.56587547552963,19.74569236253937,19.557312533308085,19.62581443786621,199700,0.0,0.0,smartcentres,yfinance,2026-07-14T18:50:27.103795
2024-05-23 00:00:00-04:00,19.617249380669193,19.617249380669193,19.308990026784585,19.351804733276367,155700,0.0,0.0,smartcentres,yfinance,2026-07-14T18:50:27.103795
2024-05-24 00:00:00-04:00,19.488807798231147,19.488807798231147,19.283302114404044,19.394617080688477,156800,0.0,0.0,smartcentres,yfinance,2026-07-14T18:50:27.103795
2024-05-27 00:00:00-04:00,19.488808857267674,19.51449768159726,19.34324211916152,19.403181076049805,109400,0.0,0.0,smartcentres,yfinance,2026-07-14T18:50:27.103795
2024-05-28 00:00:00-04:00,19.403182140158567,19.480246984159628,19.13773747371834,19.154863357543945,286700,0.0,0.0,smartcentres,yfinance,2026-07-14T18:50:27.103795
2024-05-29 00:00:00-04:00,19.052110483861004,19.094923561999714,18.880854904877683,18.906543731689453,250000,0.0,0.0,smartcentres,yfinance,2026-07-14T18:50:27.103795
2024-05-30 00:00:00-04:00,18.966485094878177,19.120614808827874,18.966485094878177,19.10348892211914,230200,0.0,0.0,smartcentres,yfinance,2026-07-14T18:50:27.103795
2024-05-31 00:00:00-04:00,19.10693676897619,19.279382705688477,19.04658118449679,19.279382705688477,254900,0.154,0.0,smartcentres,yfinance,2026-07-14T18:50:27.103795
2024-06-03 00:00:00-04:00,19.296622140609063,19.460445583402176,19.219023293566018,19.434579849243164,325300,0.0,0.0,smartcentres,yfinance,2026-07-14T18:50:27.103795
2024-06-04 00:00:00-04:00,19.348354917995565,19.477688509252964,19.313865083225142,19.33111000061035,160600,0.0,0.0,smartcentres,yfinance,2026-07-14T18:50:27.103795
2024-06-05 00:00:00-04:00,19.35698224309806,19.710494915539947,19.331114860517097,19.684627532958984,259100,0.0,0.0,smartcentres,yfinance,2026-07-14T18:50:27.103795
2024-06-06 00:00:00-04:00,19.59840456892203,19.753605575275298,19.59840456892203,19.684627532958984,240500,0.0,0.0,smartcentres,yfinance,2026-07-14T18:50:27.103795
2024-06-07 00:00:00-04:00,19.615649102279125,19.615649102279125,19.27938135821553,19.339736938476562,180200,0.0,0.0,smartcentres,yfinance,2026-07-14T18:50:27.103795
2024-06-10 00:00:00-04:00,19.313868914436522,19.374224492691404,19.210402678732773,19.25351333618164,203800,0.0,0.0,smartcentres,yfinance,2026-07-14T18:50:27.103795
2024-06-11 00:00:00-04:00,19.219026457720744,19.244892196138203,18.97760248357136,19.0120906829834,263100,0.0,0.0,smartcentres,yfinance,2026-07-14T18:50:27.103795
2024-06-12 00:00:00-04:00,19.16729166639163,19.339737596922483,19.03795804077663,19.089691162109375,192300,0.0,0.0,smartcentres,yfinance,2026-07-14T18:50:27.103795
2024-06-13 00:00:00-04:00,19.089687526059077,19.201777852923946,19.003466221782666,19.06382179260254,201700,0.0,0.0,smartcentres,yfinance,2026-07-14T18:50:27.103795
2024-06-14 00:00:00-04:00,19.07244609637172,19.098311832329642,18.925867562534393,18.960355758666992,209100,0.0,0.0,smartcentres,yfinance,2026-07-14T18:50:27.103795
2024-06-17 00:00:00-04:00,18.96035078534692,19.046573719911244,18.813772289957285,18.83963966369629,244400,0.0,0.0,smartcentres,yfinance,2026-07-14T18:50:27.103795
2024-06-18 00:00:00-04:00,18.80515536197799,18.977601281816902,18.80515536197799,18.865510940551758,204300,0.0,0.0,smartcentres,yfinance,2026-07-14T18:50:27.103795
2024-06-19 00:00:00-04:00,18.848269039157113,18.86551231674592,18.718933767560145,18.727556228637695,150700,0.0,0.0,smartcentres,yfinance,2026-07-14T18:50:27.103795
2024-06-20 00:00:00-04:00,18.75342186478265,18.839644822959244,18.6327107100751,18.77928924560547,231700,0.0,0.0,smartcentres,yfinance,2026-07-14T18:50:27.103795
2024-06-21 00:00:00-04:00,18.753421151877593,18.805154266990478,18.55510950680647,18.589597702026367,678700,0.0,0.0,smartcentres,yfinance,2026-07-14T18:50:27.103795
2024-06-24 00:00:00-04:00,18.624089780982118,19.106936084075716,18.624089780982118,19.089691162109375,445400,0.0,0.0,smartcentres,yfinance,2026-07-14T18:50:27.103795
2024-06-25 00:00:00-04:00,18.968975832340394,18.994843209610043,18.753419288791072,18.848264694213867,173800,0.0,0.0,smartcentres,yfinance,2026-07-14T18:50:27.103795
2024-06-26 00:00:00-04:00,18.779289384803754,18.779289384803754,18.537865429032998,18.572355270385742,279500,0.0,0.0,smartcentres,yfinance,2026-07-14T18:50:27.103795
2024-06-27 00:00:00-04:00,18.546485764467974,18.93448656783551,18.546485764467974,18.908620834350586,381800,0.0,0.0,smartcentres,yfinance,2026-07-14T18:50:27.103795
2024-06-28 00:00:00-04:00,19.051028738032073,19.20732732067956,18.877363278157848,19.094444274902344,413900,0.154,0.0,smartcentres,yfinance,2026-07-14T18:50:27.103795
2024-07-02 00:00:00-04:00,19.103124928754035,19.26810692596461,18.9989253367799,19.25074005126953,222700,0.0,0.0,smartcentres,yfinance,2026-07-14T18:50:27.103795
2024-07-03 00:00:00-04:00,19.294155631883076,19.450454192151735,19.259423538599112,19.346256256103516,151000,0.0,0.0,smartcentres,yfinance,2026-07-14T18:50:27.103795
2024-07-04 00:00:00-04:00,19.346258417512693,19.528605654067505,19.346258417512693,19.398357391357422,92900,0.0,0.0,smartcentres,yfinance,2026-07-14T18:50:27.103795
2024-07-05 00:00:00-04:00,19.407036228966536,19.58938342229319,19.28546977721931,19.294153213500977,344200,0.0,0.0,smartcentres,yfinance,2026-07-14T18:50:27.103795
2024-07-08 00:00:00-04:00,19.41572505994535,19.667538157295983,19.24205959845095,19.650171279907227,381200,0.0,0.0,smartcentres,yfinance,2026-07-14T18:50:27.103795
2024-07-09 00:00:00-04:00,19.632806240692,19.632806240692,19.42440867868503,19.45914077758789,180500,0.0,0.0,smartcentres,yfinance,2026-07-14T18:50:27.103795
2024-07-10 00:00:00-04:00,19.50255709667423,19.684906005859375,19.48519187462533,19.684906005859375,244600,0.0,0.0,smartcentres,yfinance,2026-07-14T18:50:27.103795
2024-07-11 00:00:00-04:00,19.78042046332512,20.266681418623143,19.7543701482176,20.240631103515625,409500,0.0,0.0,smartcentres,yfinance,2026-07-14T18:50:27.103795
2024-07-12 00:00:00-04:00,20.31877734604905,20.587957270346546,20.31009390898187,20.37087631225586,333400,0.0,0.0,smartcentres,yfinance,2026-07-14T18:50:27.103795
2024-07-15 00:00:00-04:00,20.475078118501827,20.579277718397478,20.362196736794957,20.51849365234375,275800,0.0,0.0,smartcentres,yfinance,2026-07-14T18:50:27.103795
2024-07-16 00:00:00-04:00,20.527179996123262,20.709528907704353,20.42298203767409,20.674795150756836,294600,0.0,0.0,smartcentres,yfinance,2026-07-14T18:50:27.103795
2024-07-17 00:00:00-04:00,20.579278014074113,20.770308684398277,20.49244528894623,20.640060424804688,246400,0.0,0.0,smartcentres,yfinance,2026-07-14T18:50:27.103795
2024-07-18 00:00:00-04:00,20.535855062228443,20.796353164531265,20.466389232853558,20.544538497924805,211000,0.0,0.0,smartcentres,yfinance,2026-07-14T18:50:27.103795
2024-07-19 00:00:00-04:00,20.52717162653208,20.709520463763656,20.50980641133537,20.544538497924805,155200,0.0,0.0,smartcentres,yfinance,2026-07-14T18:50:27.103795
2024-07-22 00:00:00-04:00,20.683473747265477,21.08290357765792,20.666106872857913,20.996070861816406,421300,0.0,0.0,smartcentres,yfinance,2026-07-14T18:50:27.103795
2024-07-23 00:00:00-04:00,21.04817055542699,21.135003274265976,20.83977302393124,21.030803680419922,211500,0.0,0.0,smartcentres,yfinance,2026-07-14T18:50:27.103795
2024-07-24 00:00:00-04:00,21.013439601805715,21.273936116260945,20.900556564331055,20.900556564331055,292000,0.0,0.0,smartcentres,yfinance,2026-07-14T18:50:27.103795
2024-07-25 00:00:00-04:00,20.90924244365628,21.23052306144694,20.90924244365628,21.0742244720459,208900,0.0,0.0,smartcentres,yfinance,2026-07-14T18:50:27.103795
2024-07-26 00:00:00-04:00,21.273931635633478,21.29129850792514,21.02211695599267,21.108949661254883,182200,0.0,0.0,smartcentres,yfinance,2026-07-14T18:50:27.103795
2024-07-29 00:00:00-04:00,21.13500155331613,21.187100517898738,20.909237165196522,20.935287475585938,173000,0.0,0.0,smartcentres,yfinance,2026-07-14T18:50:27.103795
2024-07-30 00:00:00-04:00,20.970023215461772,21.13500523090997,20.943974556735988,21.12632179260254,126600,0.0,0.0,smartcentres,yfinance,2026-07-14T18:50:27.103795
2024-07-31 00:00:00-04:00,21.190981199650725,21.225936195482017,20.955039978027344,20.955039978027344,278900,0.154,0.0,smartcentres,yfinance,2026-07-14T18:50:27.103795
2024-08-01 00:00:00-04:00,21.01621450207781,21.112339096499646,20.762797389619784,20.82396697998047,334400,0.0,0.0,smartcentres,yfinance,2026-07-14T18:50:27.103795
2024-08-02 00:00:00-04:00,20.78901337521882,20.85892171569543,20.4482087569923,20.771535873413086,238200,0.0,0.0,smartcentres,yfinance,2026-07-14T18:50:27.103795
2024-08-06 00:00:00-04:00,20.15983311828324,21.12981263115252,20.15983311828324,21.016210556030273,343700,0.0,0.0,smartcentres,yfinance,2026-07-14T18:50:27.103795
2024-08-07 00:00:00-04:00,21.147293828504754,21.15603091266131,20.657933778422144,20.771535873413086,213400,0.0,0.0,smartcentres,yfinance,2026-07-14T18:50:27.103795
2024-08-08 00:00:00-04:00,20.70162924183967,21.016215966580166,20.70162924183967,20.867660522460938,202400,0.0,0.0,smartcentres,yfinance,2026-07-14T18:50:27.103795
2024-08-09 00:00:00-04:00,20.998738012402864,20.998738012402864,20.59676381195813,20.93756675720215,102000,0.0,0.0,smartcentres,yfinance,2026-07-14T18:50:27.103795
2024-08-12 00:00:00-04:00,20.88513734376934,20.95504568773419,20.684151063213694,20.928831100463867,227000,0.0,0.0,smartcentres,yfinance,2026-07-14T18:50:27.103795
2024-08-13 00:00:00-04:00,21.007479595374225,21.10360253301351,20.719105782216847,20.85018539428711,345300,0.0,0.0,smartcentres,yfinance,2026-07-14T18:50:27.103795
2024-08-14 00:00:00-04:00,20.946308387111912,21.033694239806817,20.73658334069205,20.972524642944336,161800,0.0,0.0,smartcentres,yfinance,2026-07-14T18:50:27.103795
2024-08-15 00:00:00-04:00,20.972520171794336,21.138553089843295,20.937565171469856,21.059906005859375,304500,0.0,0.0,smartcentres,yfinance,2026-07-14T18:50:27.103795
2024-08-16 00:00:00-04:00,21.051171582058103,21.13855743408203,20.946308226280088,21.13855743408203,168000,0.0,0.0,smartcentres,yfinance,2026-07-14T18:50:27.103795
2024-08-19 00:00:00-04:00,21.14729479658192,21.322064822400893,21.138556045279014,21.21720314025879,238300,0.0,0.0,smartcentres,yfinance,2026-07-14T18:50:27.103795
2024-08-20 00:00:00-04:00,21.234680677678348,21.313327778960204,21.199727336412256,21.287113189697266,110100,0.0,0.0,smartcentres,yfinance,2026-07-14T18:50:27.103795
2024-08-21 00:00:00-04:00,21.23467461398484,21.496832098979176,21.18224378368439,21.45313835144043,209900,0.0,0.0,smartcentres,yfinance,2026-07-14T18:50:27.103795
2024-08-22 00:00:00-04:00,21.496836428785837,21.523051015843077,21.383234329049866,21.50557518005371,131700,0.0,0.0,smartcentres,yfinance,2026-07-14T18:50:27.103795
2024-08-23 00:00:00-04:00,21.540530212985683,22.082321166992188,21.46188311213399,22.082321166992188,296100,0.0,0.0,smartcentres,yfinance,2026-07-14T18:50:27.103795
2024-08-26 00:00:00-04:00,22.07358017632472,22.361952294618604,22.047363923117516,22.34447479248047,215000,0.0,0.0,smartcentres,yfinance,2026-07-14T18:50:27.103795
2024-08-27 00:00:00-04:00,22.335732014666004,22.807614486845402,22.257084935969438,22.70275115966797,356900,0.0,0.0,smartcentres,yfinance,2026-07-14T18:50:27.103795
2024-08-28 00:00:00-04:00,22.60663098647802,22.685276407952802,22.335734719607274,22.519245147705078,309800,0.0,0.0,smartcentres,yfinance,2026-07-14T18:50:27.103795
2024-08-29 00:00:00-04:00,22.519249640999192,22.763928038288928,22.379432937763177,22.43186378479004,319500,0.0,0.0,smartcentres,yfinance,2026-07-14T18:50:27.103795
2024-08-30 00:00:00-04:00,22.470540369112385,22.619992390119084,22.417793090170537,22.452959060668945,296000,0.154,0.0,smartcentres,yfinance,2026-07-14T18:50:27.103795
2024-09-03 00:00:00-04:00,22.426582648534236,22.63757342290973,22.294713624150255,22.602407455444336,241000,0.0,0.0,smartcentres,yfinance,2026-07-14T18:50:27.103795
2024-09-04 00:00:00-04:00,22.52329406185548,23.05956181029544,22.52329406185548,22.95406723022461,492200,0.0,0.0,smartcentres,yfinance,2026-07-14T18:50:27.103795
2024-09-05 00:00:00-04:00,23.00681691736654,23.165060480766474,22.637582495035456,22.82219886779785,289000,0.0,0.0,smartcentres,yfinance,2026-07-14T18:50:27.103795
2024-09-06 00:00:00-04:00,22.901316547489614,22.936482522749138,22.488126399026157,22.64636993408203,206800,0.0,0.0,smartcentres,yfinance,2026-07-14T18:50:27.103795
2024-09-09 00:00:00-04:00,22.866148067350224,22.910103851580146,22.751860345463324,22.804609298706055,201000,0.0,0.0,smartcentres,yfinance,2026-07-14T18:50:27.103795
2024-09-10 00:00:00-04:00,22.866156005467918,23.1035213470459,22.804617215460205,23.1035213470459,194100,0.0,0.0,smartcentres,yfinance,2026-07-14T18:50:27.103795
2024-09-11 00:00:00-04:00,23.077143569605127,23.437586439785907,22.857361249894602,23.36725616455078,283600,0.0,0.0,smartcentres,yfinance,2026-07-14T18:50:27.103795
2024-09-12 00:00:00-04:00,23.3672508543338,23.525494356853446,23.30571208708853,23.33208656311035,225100,0.0,0.0,smartcentres,yfinance,2026-07-14T18:50:27.103795
2024-09-13 00:00:00-04:00,23.402416618766996,24.176049463814582,23.402416618766996,24.035388946533203,482900,0.0,0.0,smartcentres,yfinance,2026-07-14T18:50:27.103795
2024-09-16 00:00:00-04:00,23.956270561951275,24.035392323639805,23.727696770051732,23.79802703857422,288600,0.0,0.0,smartcentres,yfinance,2026-07-14T18:50:27.103795
2024-09-17 00:00:00-04:00,23.745284610527428,23.98264994411656,23.55187675175455,23.78044891357422,278000,0.0,0.0,smartcentres,yfinance,2026-07-14T18:50:27.103795
2024-09-18 00:00:00-04:00,23.727697962418745,23.92110579137326,23.63099320953851,23.84198570251465,225700,0.0,0.0,smartcentres,yfinance,2026-07-14T18:50:27.103795
2024-09-19 00:00:00-04:00,23.938690021555498,23.97385599781276,23.6749519068502,23.78923797607422,262100,0.0,0.0,smartcentres,yfinance,2026-07-14T18:50:27.103795
2024-09-20 00:00:00-04:00,23.692526690243138,23.973847695655444,23.499117241418087,23.52549171447754,1048600,0.0,0.0,smartcentres,yfinance,2026-07-14T18:50:27.103795
2024-09-23 00:00:00-04:00,23.64857456592242,23.841984058345158,23.64857456592242,23.74527931213379,216300,0.0,0.0,smartcentres,yfinance,2026-07-14T18:50:27.103795
2024-09-24 00:00:00-04:00,23.630985667016912,24.000219896664305,23.22658715096784,23.595821380615234,684200,0.0,0.0,smartcentres,yfinance,2026-07-14T18:50:27.103795
2024-09-25 00:00:00-04:00,23.683737392877028,23.79802343310922,23.613407135009766,23.613407135009766,292400,0.0,0.0,smartcentres,yfinance,2026-07-14T18:50:27.103795
2024-09-26 00:00:00-04:00,23.63099565476375,23.780447707949648,23.63099565476375,23.648578643798828,330900,0.0,0.0,smartcentres,yfinance,2026-07-14T18:50:27.103795
2024-09-27 00:00:00-04:00,23.78473794533141,23.855473159010906,23.60790075436294,23.616741180419922,340700,0.154,0.0,smartcentres,yfinance,2026-07-14T18:50:27.103795
2024-09-30 00:00:00-04:00,23.563692802073184,23.705163245103737,23.351487137527354,23.5283260345459,480000,0.0,0.0,smartcentres,yfinance,2026-07-14T18:50:27.103795
2024-10-01 00:00:00-04:00,23.546009283364523,23.652112962059487,23.448749404893295,23.599061965942383,201100,0.0,0.0,smartcentres,yfinance,2026-07-14T18:50:27.103795
2024-10-02 00:00:00-04:00,23.537169983521718,23.581378867993504,23.271911617308486,23.324962615966797,183100,0.0,0.0,smartcentres,yfinance,2026-07-14T18:50:27.103795
2024-10-03 00:00:00-04:00,23.210014090859175,23.26306507942934,22.856338022957235,22.94475746154785,397400,0.0,0.0,smartcentres,yfinance,2026-07-14T18:50:27.103795
2024-10-04 00:00:00-04:00,22.93591392436862,22.99780702159938,22.79444350599534,22.909387588500977,168300,0.0,0.0,smartcentres,yfinance,2026-07-14T18:50:27.103795
2024-10-07 00:00:00-04:00,22.98012626489775,22.98012626489775,22.591081712442506,22.79444694519043,202200,0.0,0.0,smartcentres,yfinance,2026-07-14T18:50:27.103795
2024-10-08 00:00:00-04:00,22.723713552839282,22.83865766193167,22.502665762194777,22.53803253173828,208800,0.0,0.0,smartcentres,yfinance,2026-07-14T18:50:27.103795
2024-10-09 00:00:00-04:00,22.6176091597059,22.679502269305388,22.51150548149195,22.520347595214844,205200,0.0,0.0,smartcentres,yfinance,2026-07-14T18:50:27.103795
2024-10-10 00:00:00-04:00,22.467291705698727,22.493818041089654,22.19319298583401,22.387714385986328,210100,0.0,0.0,smartcentres,yfinance,2026-07-14T18:50:27.103795
2024-10-11 00:00:00-04:00,22.396560054050283,22.723711496644025,22.396560054050283,22.58224105834961,278000,0.0,0.0,smartcentres,yfinance,2026-07-14T18:50:27.103795
2024-10-15 00:00:00-04:00,22.635289575082844,23.024334081066304,22.635289575082844,22.98012351989746,388700,0.0,0.0,smartcentres,yfinance,2026-07-14T18:50:27.103795
2024-10-16 00:00:00-04:00,23.042019468942133,23.35148668955748,23.03317735561476,23.156965255737305,232100,0.0,0.0,smartcentres,yfinance,2026-07-14T18:50:27.103795
2024-10-17 00:00:00-04:00,23.18349110765111,23.22770167657329,22.874025557499664,23.192333221435547,207200,0.0,0.0,smartcentres,yfinance,2026-07-14T18:50:27.103795
2024-10-18 00:00:00-04:00,23.22770096549206,23.31612041416883,23.05970418165227,23.068546295166016,125300,0.0,0.0,smartcentres,yfinance,2026-07-14T18:50:27.103795
2024-10-21 00:00:00-04:00,22.988966472689206,23.13043690068122,22.78560294325825,22.953598022460938,203200,0.0,0.0,smartcentres,yfinance,2026-07-14T18:50:27.103795
2024-10-22 00:00:00-04:00,22.829811697926782,23.112752552403066,22.829811697926782,23.050859451293945,251600,0.0,0.0,smartcentres,yfinance,2026-07-14T18:50:27.103795
2024-10-23 00:00:00-04:00,23.068544156590555,23.20117247408001,22.927073726407063,22.962440490722656,227200,0.0,0.0,smartcentres,yfinance,2026-07-14T18:50:27.103795
2024-10-24 00:00:00-04:00,23.16580727429048,23.16580727429048,22.812129488485205,22.900548934936523,212900,0.0,0.0,smartcentres,yfinance,2026-07-14T18:50:27.103795
2024-10-25 00:00:00-04:00,22.9978106227993,23.059703729721825,22.59108184144163,22.644134521484375,278100,0.0,0.0,smartcentres,yfinance,2026-07-14T18:50:27.103795
2024-10-28 00:00:00-04:00,22.626447685022296,22.900546421118662,22.617605572701702,22.67949867248535,179500,0.0,0.0,smartcentres,yfinance,2026-07-14T18:50:27.103795
2024-10-29 00:00:00-04:00,22.591082956549233,22.70602874918829,22.325826289085004,22.37003517150879,415900,0.0,0.0,smartcentres,yfinance,2026-07-14T18:50:27.103795
2024-10-30 00:00:00-04:00,22.325826999101068,22.48498167922542,22.237407544980783,22.33466911315918,183700,0.0,0.0,smartcentres,yfinance,2026-07-14T18:50:27.103795
2024-10-31 00:00:00-04:00,22.400497575703074,22.400497575703074,22.098028453325096,22.160301208496094,351700,0.154,0.0,smartcentres,yfinance,2026-07-14T18:50:27.103795
2024-11-01 00:00:00-04:00,22.258158746502165,22.258158746502165,21.751078672132365,21.866727828979492,480400,0.0,0.0,smartcentres,yfinance,2026-07-14T18:50:27.103795
2024-11-04 00:00:00-05:00,21.804458967742107,22.142511845397664,21.804458967742107,22.133615493774414,172500,0.0,0.0,smartcentres,yfinance,2026-07-14T18:50:27.103795
2024-11-05 00:00:00-05:00,22.133611478747483,22.293742385307123,22.009065972225656,22.240365982055664,267500,0.0,0.0,smartcentres,yfinance,2026-07-14T18:50:27.103795
2024-11-06 00:00:00-05:00,22.240369055892273,22.27595446084834,21.866730787881064,22.186992645263672,679200,0.0,0.0,smartcentres,yfinance,2026-07-14T18:50:27.103795
2024-11-07 00:00:00-05:00,22.11582169047219,22.471667226372492,22.11582169047219,22.284847259521484,226700,0.0,0.0,smartcentres,yfinance,2026-07-14T18:50:27.103795
2024-11-08 00:00:00-05:00,22.329331136070763,22.400500250020727,22.24036931943193,22.249265670776367,127500,0.0,0.0,smartcentres,yfinance,2026-07-14T18:50:27.103795
2024-11-11 00:00:00-05:00,22.293744987201364,22.525045024026312,22.19588851928711,22.19588851928711,320800,0.0,0.0,smartcentres,yfinance,2026-07-14T18:50:27.103795
2024-11-12 00:00:00-05:00,22.453875217169234,22.453875217169234,22.089133319533232,22.204782485961914,205400,0.0,0.0,smartcentres,yfinance,2026-07-14T18:50:27.103795
2024-11-13 00:00:00-05:00,22.124715874373663,22.240365025914134,22.03575407490897,22.222572326660156,146200,0.0,0.0,smartcentres,yfinance,2026-07-14T18:50:27.103795
2024-11-14 00:00:00-05:00,22.41828717991048,22.41828717991048,22.08023270309441,22.213674545288086,164600,0.0,0.0,smartcentres,yfinance,2026-07-14T18:50:27.103795
2024-11-15 00:00:00-05:00,22.275955461044326,22.453877403396906,22.160304586549856,22.338228225708008,292300,0.0,0.0,smartcentres,yfinance,2026-07-14T18:50:27.103795
2024-11-18 00:00:00-05:00,22.783035497592387,22.907581026213435,22.569528149896772,22.676280975341797,305100,0.0,0.0,smartcentres,yfinance,2026-07-14T18:50:27.103795
2024-11-19 00:00:00-05:00,22.5428359182393,22.5428359182393,22.258159494763735,22.462770462036133,278000,0.0,0.0,smartcentres,yfinance,2026-07-14T18:50:27.103795
2024-11-20 00:00:00-05:00,22.382705005832964,22.480563162704687,22.258159494763735,22.462770462036133,415600,0.0,0.0,smartcentres,yfinance,2026-07-14T18:50:27.103795
2024-11-21 00:00:00-05:00,22.45387575297397,22.56063026798322,22.373810290918396,22.40049934387207,553400,0.0,0.0,smartcentres,yfinance,2026-07-14T18:50:27.103795
2024-11-22 00:00:00-05:00,22.39160135406531,22.694070478181036,22.39160135406531,22.42718505859375,531300,0.0,0.0,smartcentres,yfinance,2026-07-14T18:50:27.103795
2024-11-25 00:00:00-05:00,22.791927606725867,23.005434914679558,22.551731248976,22.818614959716797,556200,0.0,0.0,smartcentres,yfinance,2026-07-14T18:50:27.103795
2024-11-26 00:00:00-05:00,22.783033042918845,22.836409449890514,22.178094774555326,22.551733016967773,460400,0.0,0.0,smartcentres,yfinance,2026-07-14T18:50:27.103795
2024-11-27 00:00:00-05:00,22.658486366397014,22.836409989581274,22.62290265984342,22.711864471435547,205200,0.0,0.0,smartcentres,yfinance,2026-07-14T18:50:27.103795
2024-11-28 00:00:00-05:00,22.91646956475194,23.005431353496224,22.783027730038,22.880884170532227,163400,0.0,0.0,smartcentres,yfinance,2026-07-14T18:50:27.103795
2024-11-29 00:00:00-05:00,22.85762178356077,23.09926330769026,22.85762178356077,23.009765625,179800,0.154,0.0,smartcentres,yfinance,2026-07-14T18:50:27.103795
2024-12-02 00:00:00-05:00,22.911320735399393,23.00081842209371,22.714425483266616,22.84867286682129,225500,0.0,0.0,smartcentres,yfinance,2026-07-14T18:50:27.103795
2024-12-03 00:00:00-05:00,22.848673254207725,23.314058160261013,22.848673254207725,23.117164611816406,732700,0.0,0.0,smartcentres,yfinance,2026-07-14T18:50:27.103795
2024-12-04 00:00:00-05:00,23.02766658167409,23.269309824149673,23.018716642283174,23.170862197875977,405500,0.0,0.0,smartcentres,yfinance,2026-07-14T18:50:27.103795
2024-12-05 00:00:00-05:00,23.188761346147295,23.296158908428588,23.090313722974976,23.206661224365234,341900,0.0,0.0,smartcentres,yfinance,2026-07-14T18:50:27.103795
2024-12-06 00:00:00-05:00,23.269306909451487,23.314054893774575,23.15296112599575,23.23350715637207,173100,0.0,0.0,smartcentres,yfinance,2026-07-14T18:50:27.103795
2024-12-09 00:00:00-05:00,23.215610414860034,23.340906144292617,22.893419445431924,22.991867065429688,426500,0.0,0.0,smartcentres,yfinance,2026-07-14T18:50:27.103795
2024-12-10 00:00:00-05:00,23.000818667983143,23.054516597763236,22.803923413745466,22.920270919799805,381600,0.0,0.0,smartcentres,yfinance,2026-07-14T18:50:27.103795
2024-12-11 00:00:00-05:00,22.94711853900367,23.02766628545941,22.714425238912238,22.777074813842773,365600,0.0,0.0,smartcentres,yfinance,2026-07-14T18:50:27.103795
2024-12-12 00:00:00-05:00,22.696527724803797,22.90237121303022,22.63387985508501,22.768125534057617,438700,0.0,0.0,smartcentres,yfinance,2026-07-14T18:50:27.103795
2024-12-13 00:00:00-05:00,22.74127470489662,22.82182245010616,22.53543122581728,22.58017921447754,320400,0.0,0.0,smartcentres,yfinance,2026-07-14T18:50:27.103795
2024-12-16 00:00:00-05:00,22.50858438992303,22.830775413439056,22.47278633565823,22.490684509277344,396700,0.0,0.0,smartcentres,yfinance,2026-07-14T18:50:27.103795
2024-12-17 00:00:00-05:00,22.481735020627802,22.768126266860712,22.374337449777222,22.73232650756836,580200,0.0,0.0,smartcentres,yfinance,2026-07-14T18:50:27.103795
2024-12-18 00:00:00-05:00,22.607030911007733,22.875522279339233,22.249041850890237,22.257991790771484,456100,0.0,0.0,smartcentres,yfinance,2026-07-14T18:50:27.103795
2024-12-19 00:00:00-05:00,22.18639586778919,22.24009380462226,21.774707133331326,21.78365707397461,573900,0.0,0.0,smartcentres,yfinance,2026-07-14T18:50:27.103795
2024-12-20 00:00:00-05:00,21.622559115806098,22.365387035085703,21.57781112466724,22.338537216186523,728700,0.0,0.0,smartcentres,yfinance,2026-07-14T18:50:27.103795
2024-12-23 00:00:00-05:00,22.320642436345562,22.320642436345562,21.94475344975981,22.096899032592773,374100,0.0,0.0,smartcentres,yfinance,2026-07-14T18:50:27.103795
2024-12-24 00:00:00-05:00,22.132688522338867,22.14163845986781,22.02529268604365,22.132688522338867,132600,0.0,0.0,smartcentres,yfinance,2026-07-14T18:50:27.103795
2024-12-27 00:00:00-05:00,21.971600983625994,22.26694220047422,21.971600983625994,22.078998565673828,214100,0.0,0.0,smartcentres,yfinance,2026-07-14T18:50:27.103795
2024-12-30 00:00:00-05:00,22.096893376453497,22.096893376453497,21.712054547381584,21.721004486083984,403400,0.0,0.0,smartcentres,yfinance,2026-07-14T18:50:27.103795
2024-12-31 00:00:00-05:00,21.904747872445704,22.156941314963998,21.850707034022957,22.03084373474121,260600,0.154,0.0,smartcentres,yfinance,2026-07-14T18:50:27.103795
2025-01-02 00:00:00-05:00,22.138919830322266,22.30104401006552,22.07587191996138,22.138919830322266,243900,0.0,0.0,smartcentres,yfinance,2026-07-14T18:50:27.103795
2025-01-03 00:00:00-05:00,22.138926820157483,22.43615400422024,22.138926820157483,22.427146911621094,287200,0.0,0.0,smartcentres,yfinance,2026-07-14T18:50:27.103795
2025-01-06 00:00:00-05:00,22.50820563256854,22.562246462086122,22.120909298850698,22.310054779052734,271000,0.0,0.0,smartcentres,yfinance,2026-07-14T18:50:27.103795
2025-01-07 00:00:00-05:00,22.35509458879145,22.436156714047133,22.066874462516765,22.165950775146484,296400,0.0,0.0,smartcentres,yfinance,2026-07-14T18:50:27.103795
2025-01-08 00:00:00-05:00,22.08488384278913,22.11190340004151,21.751628320617357,22.012828826904297,285400,0.0,0.0,smartcentres,yfinance,2026-07-14T18:50:27.103795
2025-01-09 00:00:00-05:00,22.01283126721848,22.06687210564123,21.940776243345724,22.03084373474121,100400,0.0,0.0,smartcentres,yfinance,2026-07-14T18:50:27.103795
2025-01-10 00:00:00-05:00,21.967795141264993,21.994816418625316,21.75163007616409,21.985809326171875,263100,0.0,0.0,smartcentres,yfinance,2026-07-14T18:50:27.103795
2025-01-13 00:00:00-05:00,21.976800500310063,22.003821775539098,21.67957334449905,21.81467628479004,370000,0.0,0.0,smartcentres,yfinance,2026-07-14T18:50:27.103795
2025-01-14 00:00:00-05:00,21.886729657810285,21.931765113144614,21.670564625986398,21.868717193603516,285700,0.0,0.0,smartcentres,yfinance,2026-07-14T18:50:27.103795
2025-01-15 00:00:00-05:00,22.04885857378934,22.337078677824127,21.967796454788637,21.99481773376465,327700,0.0,0.0,smartcentres,yfinance,2026-07-14T18:50:27.103795
2025-01-16 00:00:00-05:00,21.904744644662863,22.09389012816179,21.796662983743783,21.940773010253906,186700,0.0,0.0,smartcentres,yfinance,2026-07-14T18:50:27.103795
2025-01-17 00:00:00-05:00,22.102895590194137,22.102895590194137,21.742618832550427,21.796661376953125,333500,0.0,0.0,smartcentres,yfinance,2026-07-14T18:50:27.103795
2025-01-20 00:00:00-05:00,21.760632508169166,21.9047425207059,21.724605863998413,21.859708786010742,99600,0.0,0.0,smartcentres,yfinance,2026-07-14T18:50:27.103795
2025-01-21 00:00:00-05:00,21.841699211046986,21.99481634639822,21.832692118623125,21.9317684173584,122600,0.0,0.0,smartcentres,yfinance,2026-07-14T18:50:27.103795
2025-01-22 00:00:00-05:00,21.922762169525875,21.958788822682063,21.67957581849429,21.724611282348633,541200,0.0,0.0,smartcentres,yfinance,2026-07-14T18:50:27.103795
2025-01-23 00:00:00-05:00,21.72460741281113,21.850703253288813,21.652552401405746,21.75162696838379,304700,0.0,0.0,smartcentres,yfinance,2026-07-14T18:50:27.103795
2025-01-24 00:00:00-05:00,21.796665408675683,22.021837564889573,21.78765831627586,21.95878791809082,196900,0.0,0.0,smartcentres,yfinance,2026-07-14T18:50:27.103795
2025-01-27 00:00:00-05:00,21.949780599787708,22.26502021622837,21.949780599787708,22.156938552856445,243600,0.0,0.0,smartcentres,yfinance,2026-07-14T18:50:27.103795
2025-01-28 00:00:00-05:00,22.192967256269878,22.364098576702702,22.111905142271553,22.26502227783203,369200,0.0,0.0,smartcentres,yfinance,2026-07-14T18:50:27.103795
2025-01-29 00:00:00-05:00,22.15693991777825,22.328071232907476,21.796664821132904,21.96779441833496,370500,0.0,0.0,smartcentres,yfinance,2026-07-14T18:50:27.103795
2025-01-30 00:00:00-05:00,22.084885582890262,22.454167783137198,22.066871398017916,22.26502227783203,338500,0.0,0.0,smartcentres,yfinance,2026-07-14T18:50:27.103795
2025-01-31 00:00:00-05:00,22.214264566901743,22.431784695903307,22.196137457310865,22.259580612182617,236500,0.154,0.0,smartcentres,yfinance,2026-07-14T18:50:27.103795
2025-02-03 00:00:00-05:00,21.1629154395097,21.897046057228675,21.1629154395097,21.833602905273438,668300,0.0,0.0,smartcentres,yfinance,2026-07-14T18:50:27.103795
2025-02-04 00:00:00-05:00,21.951425210049546,22.214263095620183,21.87891850518458,22.159883499145508,430400,0.0,0.0,smartcentres,yfinance,2026-07-14T18:50:27.103795
2025-02-05 00:00:00-05:00,22.10550409019402,22.622114623226416,22.10550409019402,22.522418975830078,356900,0.0,0.0,smartcentres,yfinance,2026-07-14T18:50:27.103795
2025-02-06 00:00:00-05:00,22.522419307008136,22.622114955870437,22.422721929449455,22.540546417236328,222700,0.0,0.0,smartcentres,yfinance,2026-07-14T18:50:27.103795
2025-02-07 00:00:00-05:00,22.422721929449455,22.55867179876814,22.350215217233064,22.540546417236328,222300,0.0,0.0,smartcentres,yfinance,2026-07-14T18:50:27.103795
2025-02-10 00:00:00-05:00,22.53148350985183,22.739940097379566,22.386470081250238,22.58586311340332,207500,0.0,0.0,smartcentres,yfinance,2026-07-14T18:50:27.103795
2025-02-11 00:00:00-05:00,22.594925686980304,22.613052796941947,22.43178515471821,22.522418975830078,136300,0.0,0.0,smartcentres,yfinance,2026-07-14T18:50:27.103795
2025-02-12 00:00:00-05:00,22.486166722568765,22.486166722568765,22.250519458546506,22.286773681640625,224800,0.0,0.0,smartcentres,yfinance,2026-07-14T18:50:27.103795
2025-02-13 00:00:00-05:00,22.5405467510313,23.02996663356549,22.359279103457805,22.921207427978516,362200,0.0,0.0,smartcentres,yfinance,2026-07-14T18:50:27.103795
2025-02-14 00:00:00-05:00,23.174978730464115,23.247485439594104,22.803381630085877,22.839635848999023,369100,0.0,0.0,smartcentres,yfinance,2026-07-14T18:50:27.103795
2025-02-18 00:00:00-05:00,22.830574992164294,23.310931348653174,22.82151143636497,23.25655174255371,378200,0.0,0.0,smartcentres,yfinance,2026-07-14T18:50:27.103795
2025-02-19 00:00:00-05:00,23.338119340893222,23.410626050280182,23.0843449936907,23.329055786132812,346800,0.0,0.0,smartcentres,yfinance,2026-07-14T18:50:27.103795
2025-02-20 00:00:00-05:00,23.31999387044557,23.47407085480938,23.165916886081753,23.428754806518555,326600,0.0,0.0,smartcentres,yfinance,2026-07-14T18:50:27.103795
2025-02-21 00:00:00-05:00,23.31093174625334,23.501262963892593,22.930271039671368,23.039031982421875,509400,0.0,0.0,smartcentres,yfinance,2026-07-14T18:50:27.103795
2025-02-24 00:00:00-05:00,23.029966255611892,23.229359281713297,22.930268878213,23.13872718811035,284300,0.0,0.0,smartcentres,yfinance,2026-07-14T18:50:27.103795
2025-02-25 00:00:00-05:00,23.220299022546723,23.700655374370577,23.220299022546723,23.483135223388672,682900,0.0,0.0,smartcentres,yfinance,2026-07-14T18:50:27.103795
2025-02-26 00:00:00-05:00,23.53751729798116,23.827545925076734,23.53751729798116,23.764101028442383,304700,0.0,0.0,smartcentres,yfinance,2026-07-14T18:50:27.103795
2025-02-27 00:00:00-05:00,23.727841781623532,23.800348485600303,23.329054045403186,23.338117599487305,318100,0.0,0.0,smartcentres,yfinance,2026-07-14T18:50:27.103795
2025-02-28 00:00:00-05:00,23.378241993436614,23.423832433443355,23.168531186698008,23.241474151611328,363700,0.154,0.0,smartcentres,yfinance,2026-07-14T18:50:27.103795
2025-03-03 00:00:00-05:00,23.104700200185224,23.478533013900147,23.104700200185224,23.387353897094727,275900,0.0,0.0,smartcentres,yfinance,2026-07-14T18:50:27.103795
2025-03-04 00:00:00-05:00,23.250589162543342,23.423829333446772,22.749106562519536,23.305295944213867,394900,0.0,0.0,smartcentres,yfinance,2026-07-14T18:50:27.103795
2025-03-05 00:00:00-05:00,23.24147183383222,23.752072537305278,23.159410789101177,23.706483840942383,375200,0.0,0.0,smartcentres,yfinance,2026-07-14T18:50:27.103795
2025-03-06 00:00:00-05:00,23.42382957435946,23.715601398399418,23.305296183907444,23.58795166015625,400500,0.0,0.0,smartcentres,yfinance,2026-07-14T18:50:27.103795
2025-03-07 00:00:00-05:00,23.533243138825817,23.8614873104194,23.478536356592638,23.58795166015625,261600,0.0,0.0,smartcentres,yfinance,2026-07-14T18:50:27.103795
2025-03-10 00:00:00-04:00,23.50589373702314,23.64266158030691,23.122942732370095,23.15029525756836,385200,0.0,0.0,smartcentres,yfinance,2026-07-14T18:50:27.103795
2025-03-11 00:00:00-04:00,23.36000557826599,23.36000557826599,22.767342082050938,22.958818435668945,332500,0.0,0.0,smartcentres,yfinance,2026-07-14T18:50:27.103795
2025-03-12 00:00:00-04:00,23.0317619183694,23.16852975172379,22.83116921205612,23.077350616455078,245700,0.0,0.0,smartcentres,yfinance,2026-07-14T18:50:27.103795
2025-03-13 00:00:00-04:00,23.004406393408285,23.250589523392254,22.785577524232735,22.89499282836914,322900,0.0,0.0,smartcentres,yfinance,2026-07-14T18:50:27.103795
2025-03-14 00:00:00-04:00,23.14117400847859,23.177646355890946,22.803813490400547,22.94969940185547,329100,0.0,0.0,smartcentres,yfinance,2026-07-14T18:50:27.103795
2025-03-17 00:00:00-04:00,22.95881775361729,23.241471492935432,22.9314634927424,23.19588279724121,270200,0.0,0.0,smartcentres,yfinance,2026-07-14T18:50:27.103795
2025-03-18 00:00:00-04:00,23.122939573869658,23.259707398471495,22.840284098715653,22.94969940185547,317100,0.0,0.0,smartcentres,yfinance,2026-07-14T18:50:27.103795
2025-03-19 00:00:00-04:00,22.849398597130204,23.113817857051675,22.758219482016006,22.876752853393555,287900,0.0,0.0,smartcentres,yfinance,2026-07-14T18:50:27.103795
2025-03-20 00:00:00-04:00,22.812933914166,22.93146557720381,22.621457548831167,22.822052001953125,513900,0.0,0.0,smartcentres,yfinance,2026-07-14T18:50:27.103795
2025-03-21 00:00:00-04:00,22.721752447819995,22.94969940185547,22.53027610209963,22.94969940185547,651600,0.0,0.0,smartcentres,yfinance,2026-07-14T18:50:27.103795
2025-03-24 00:00:00-04:00,23.02264454642836,23.168530471753183,22.90411288426347,23.159412384033203,266000,0.0,0.0,smartcentres,yfinance,2026-07-14T18:50:27.103795
2025-03-25 00:00:00-04:00,23.168529965103335,23.369122673264048,23.013525955448166,23.02264404296875,208500,0.0,0.0,smartcentres,yfinance,2026-07-14T18:50:27.103795
2025-03-26 00:00:00-04:00,23.022639504271428,23.22323217288718,22.8585174394508,22.92234230041504,228200,0.0,0.0,smartcentres,yfinance,2026-07-14T18:50:27.103795
2025-03-27 00:00:00-04:00,23.086467017178464,23.241471014081366,22.977053454127727,23.004405975341797,146300,0.0,0.0,smartcentres,yfinance,2026-07-14T18:50:27.103795
2025-03-28 00:00:00-04:00,23.04999543485497,23.04999543485497,22.794694233366293,23.03175926208496,184300,0.0,0.0,smartcentres,yfinance,2026-07-14T18:50:27.103795
2025-03-31 00:00:00-04:00,23.09047125975073,23.38403279070308,23.06294921006217,23.200557708740234,422900,0.154,0.0,smartcentres,yfinance,2026-07-14T18:50:27.103795
2025-04-01 00:00:00-04:00,23.218908515623564,23.42073341979652,23.072127721551464,23.393211364746094,299800,0.0,0.0,smartcentres,yfinance,2026-07-14T18:50:27.103795
2025-04-02 00:00:00-04:00,23.310645069187995,23.3656874250842,23.173038304565015,23.283123016357422,165600,0.0,0.0,smartcentres,yfinance,2026-07-14T18:50:27.103795
2025-04-03 00:00:00-04:00,23.13633918762207,23.338164048940886,22.97121214167674,23.13633918762207,287700,0.0,0.0,smartcentres,yfinance,2026-07-14T18:50:27.103795
2025-04-04 00:00:00-04:00,22.962041419475714,23.035431811457343,22.42996064016767,22.613435745239258,596200,0.0,0.0,smartcentres,yfinance,2026-07-14T18:50:27.103795
2025-04-07 00:00:00-04:00,21.67770643002903,22.374916012491024,21.54009966699053,22.20061492919922,633100,0.0,0.0,smartcentres,yfinance,2026-07-14T18:50:27.103795
2025-04-08 00:00:00-04:00,22.46665423018265,22.595086974529895,21.723576316828744,21.91622543334961,539800,0.0,0.0,smartcentres,yfinance,2026-07-14T18:50:27.103795
2025-04-09 00:00:00-04:00,21.5676219079518,22.64095746865429,21.264886326715967,22.60426139831543,654400,0.0,0.0,smartcentres,yfinance,2026-07-14T18:50:27.103795
2025-04-10 00:00:00-04:00,22.494176282442023,22.576740689455224,21.613489857556175,21.91622543334961,593900,0.0,0.0,smartcentres,yfinance,2026-07-14T18:50:27.103795
2025-04-11 00:00:00-04:00,21.925400415398382,22.503351289918296,21.787793647577207,22.053834915161133,297200,0.0,0.0,smartcentres,yfinance,2026-07-14T18:50:27.103795
2025-04-14 00:00:00-04:00,22.503348974154726,22.631781710935797,22.23730773394844,22.49417495727539,222500,0.0,0.0,smartcentres,yfinance,2026-07-14T18:50:27.103795
2025-04-15 00:00:00-04:00,22.503354329204306,22.97121880279771,22.503354329204306,22.879480361938477,360500,0.0,0.0,smartcentres,yfinance,2026-07-14T18:50:27.103795
2025-04-16 00:00:00-04:00,22.815258105558737,23.39320715960543,22.815258105558737,22.989559173583984,329100,0.0,0.0,smartcentres,yfinance,2026-07-14T18:50:27.103795
2025-04-17 00:00:00-04:00,23.026258408164207,23.37486234193773,23.026258408164207,23.36568832397461,611400,0.0,0.0,smartcentres,yfinance,2026-07-14T18:50:27.103795
2025-04-21 00:00:00-04:00,23.27394986501809,23.32899221882485,22.787737448724553,22.971214294433594,183600,0.0,0.0,smartcentres,yfinance,2026-07-14T18:50:27.103795
2025-04-22 00:00:00-04:00,23.12717098660222,23.328995898670392,23.062954605404222,23.081302642822266,190800,0.0,0.0,smartcentres,yfinance,2026-07-14T18:50:27.103795
2025-04-23 00:00:00-04:00,23.319822774947873,23.319822774947873,23.026261164053253,23.163867950439453,122300,0.0,0.0,smartcentres,yfinance,2026-07-14T18:50:27.103795
2025-04-24 00:00:00-04:00,23.053775201436146,23.237252033226905,23.017080884936842,23.090471267700195,216300,0.0,0.0,smartcentres,yfinance,2026-07-14T18:50:27.103795
2025-04-25 00:00:00-04:00,23.099646675542733,23.365686172921496,23.04460432259624,23.301469802856445,167000,0.0,0.0,smartcentres,yfinance,2026-07-14T18:50:27.103795
2025-04-28 00:00:00-04:00,23.255600977882935,23.39320773223725,23.136340507615,23.173036575317383,283300,0.0,0.0,smartcentres,yfinance,2026-07-14T18:50:27.103795
2025-04-29 00:00:00-04:00,23.16386470399764,23.28312343554737,23.02625793689718,23.237255096435547,183800,0.0,0.0,smartcentres,yfinance,2026-07-14T18:50:27.103795
2025-04-30 00:00:00-04:00,23.240947677986867,23.527074813842773,23.111729312207075,23.527074813842773,237200,0.154,0.0,smartcentres,yfinance,2026-07-14T18:50:27.103795
2025-05-01 00:00:00-04:00,23.554763793945312,23.674752017704805,23.388624899149026,23.554763793945312,265700,0.0,0.0,smartcentres,yfinance,2026-07-14T18:50:27.103795
2025-05-02 00:00:00-04:00,23.66552427018774,23.66552427018774,23.462466578551545,23.508615493774414,159600,0.0,0.0,smartcentres,yfinance,2026-07-14T18:50:27.103795
2025-05-05 00:00:00-04:00,23.600914394028756,23.767053300718402,23.240947936513336,23.379396438598633,276200,0.0,0.0,smartcentres,yfinance,2026-07-14T18:50:27.103795
2025-05-06 00:00:00-04:00,23.379397255476917,23.619375489028133,23.314788069610877,23.434776306152344,373500,0.0,0.0,smartcentres,yfinance,2026-07-14T18:50:27.103795
2025-05-07 00:00:00-04:00,23.508612043001463,23.61937188793375,23.30555438117162,23.61014175415039,355200,0.0,0.0,smartcentres,yfinance,2026-07-14T18:50:27.103795
2025-05-08 00:00:00-04:00,23.62860673135892,23.67475564900608,23.185570784260104,23.416318893432617,352400,0.0,0.0,smartcentres,yfinance,2026-07-14T18:50:27.103795
2025-05-09 00:00:00-04:00,23.31478558595824,23.647063375550818,23.22248600435274,23.554763793945312,364300,0.0,0.0,smartcentres,yfinance,2026-07-14T18:50:27.103795
2025-05-12 00:00:00-04:00,23.702442643449523,23.822430868338518,23.6378334638579,23.693212509155273,368700,0.0,0.0,smartcentres,yfinance,2026-07-14T18:50:27.103795
2025-05-13 00:00:00-04:00,23.70244263312105,23.887040037521228,23.57322427399411,23.656291961669922,331100,0.0,0.0,smartcentres,yfinance,2026-07-14T18:50:27.103795
2025-05-14 00:00:00-04:00,23.64706445791529,23.739362283277323,23.379395835054517,23.462465286254883,392400,0.0,0.0,smartcentres,yfinance,2026-07-14T18:50:27.103795
2025-05-15 00:00:00-04:00,23.527073142043914,23.785511615707442,23.425543427306803,23.702442169189453,393000,0.0,0.0,smartcentres,yfinance,2026-07-14T18:50:27.103795
2025-05-16 00:00:00-04:00,23.674750459136174,23.997798093254346,23.619371418005848,23.942419052124023,306100,0.0,0.0,smartcentres,yfinance,2026-07-14T18:50:27.103795
2025-05-20 00:00:00-04:00,23.988568449458317,24.06240775929574,23.637832167847563,23.647062301635742,247800,0.0,0.0,smartcentres,yfinance,2026-07-14T18:50:27.103795
2025-05-21 00:00:00-04:00,23.60091680401675,23.619377075638038,23.324019771571045,23.407089233398438,362300,0.0,0.0,smartcentres,yfinance,2026-07-14T18:50:27.103795
2025-05-22 00:00:00-04:00,23.444006575252033,23.444006575252033,23.213258475573433,23.360937118530273,283700,0.0,0.0,smartcentres,yfinance,2026-07-14T18:50:27.103795
2025-05-23 00:00:00-04:00,23.324018344516652,23.554766444259474,23.213258482034053,23.397857666015625,211100,0.0,0.0,smartcentres,yfinance,2026-07-14T18:50:27.103795
2025-05-26 00:00:00-04:00,23.42554509189111,23.647064805325318,23.42554509189111,23.527074813842773,98100,0.0,0.0,smartcentres,yfinance,2026-07-14T18:50:27.103795
2025-05-27 00:00:00-04:00,23.545534442750107,23.97011006759945,23.545534442750107,23.896270751953125,343100,0.0,0.0,smartcentres,yfinance,2026-07-14T18:50:27.103795
2025-05-28 00:00:00-04:00,23.979335654242693,23.988565787006436,23.720898978729185,23.767047882080078,307400,0.0,0.0,smartcentres,yfinance,2026-07-14T18:50:27.103795
2025-05-29 00:00:00-04:00,23.887042397250905,24.182401442311427,23.813203076102848,24.00703239440918,271800,0.0,0.0,smartcentres,yfinance,2026-07-14T18:50:27.103795
2025-05-30 00:00:00-04:00,23.97360365696704,24.150017194997503,23.97360365696704,24.010744094848633,230300,0.154,0.0,smartcentres,yfinance,2026-07-14T18:50:27.103795
2025-06-02 00:00:00-04:00,24.02931568934441,24.140735246625425,23.88075746027225,23.93646812438965,229800,0.0,0.0,smartcentres,yfinance,2026-07-14T18:50:27.103795
2025-06-03 00:00:00-04:00,24.02002756772422,24.02002756772422,23.787905159640488,23.992172241210938,180000,0.0,0.0,smartcentres,yfinance,2026-07-14T18:50:27.103795
2025-06-04 00:00:00-04:00,23.992171270336637,23.992171270336637,23.76004887164604,23.815757751464844,179200,0.0,0.0,smartcentres,yfinance,2026-07-14T18:50:27.103795
2025-06-05 00:00:00-04:00,23.862189009853566,23.94575323507588,23.76933967394502,23.93646812438965,179900,0.0,0.0,smartcentres,yfinance,2026-07-14T18:50:27.103795
2025-06-06 00:00:00-04:00,23.992172241210938,24.0014573500487,23.787905159640488,23.992172241210938,137200,0.0,0.0,smartcentres,yfinance,2026-07-14T18:50:27.103795
2025-06-09 00:00:00-04:00,24.00146034524999,24.15001856328625,23.973605015260567,24.038599014282227,266800,0.0,0.0,smartcentres,yfinance,2026-07-14T18:50:27.103795
2025-06-10 00:00:00-04:00,24.09430831042235,24.122161867881488,23.88075433449883,23.890039443969727,283500,0.0,0.0,smartcentres,yfinance,2026-07-14T18:50:27.103795
2025-06-11 00:00:00-04:00,23.86218534122125,24.047882213535054,23.750765801070155,23.806474685668945,375900,0.0,0.0,smartcentres,yfinance,2026-07-14T18:50:27.103795
2025-06-12 00:00:00-04:00,23.825044093742846,24.020027839636228,23.750764993153336,23.973602294921875,182100,0.0,0.0,smartcentres,yfinance,2026-07-14T18:50:27.103795
2025-06-13 00:00:00-04:00,24.020035267272927,24.020035267272927,23.732202113898595,23.76005744934082,175800,0.0,0.0,smartcentres,yfinance,2026-07-14T18:50:27.103795
2025-06-16 00:00:00-04:00,23.825047498452918,23.973605720861606,23.76005349751833,23.769338607788086,129700,0.0,0.0,smartcentres,yfinance,2026-07-14T18:50:27.103795
2025-06-17 00:00:00-04:00,23.76934027851481,23.76934027851481,23.462938701890977,23.555788040161133,257200,0.0,0.0,smartcentres,yfinance,2026-07-14T18:50:27.103795
2025-06-18 00:00:00-04:00,23.453650739746692,23.741482059534547,23.453650739746692,23.611494064331055,124400,0.0,0.0,smartcentres,yfinance,2026-07-14T18:50:27.103795
2025-06-19 00:00:00-04:00,23.602208681561414,23.80647578179779,23.602208681561414,23.630064010620117,57200,0.0,0.0,smartcentres,yfinance,2026-07-14T18:50:27.103795
2025-06-20 00:00:00-04:00,23.806475785938005,23.806475785938005,23.462935582255557,23.50935935974121,576800,0.0,0.0,smartcentres,yfinance,2026-07-14T18:50:27.103795
2025-06-23 00:00:00-04:00,23.555785176522928,23.760052279121794,23.52792984714206,23.611494064331055,268800,0.0,0.0,smartcentres,yfinance,2026-07-14T18:50:27.103795
2025-06-24 00:00:00-04:00,23.82504613889274,23.82504613889274,23.56506837903614,23.620779037475586,207900,0.0,0.0,smartcentres,yfinance,2026-07-14T18:50:27.103795
2025-06-25 00:00:00-04:00,23.732196817280833,23.732196817280833,23.45365060884129,23.50007438659668,233700,0.0,0.0,smartcentres,yfinance,2026-07-14T18:50:27.103795
2025-06-26 00:00:00-04:00,23.54650033948972,23.592924118041992,23.425795681728008,23.592924118041992,234100,0.0,0.0,smartcentres,yfinance,2026-07-14T18:50:27.103795
2025-06-27 00:00:00-04:00,23.592926300621855,23.77862497391717,23.546502517774922,23.574356079101562,387700,0.0,0.0,smartcentres,yfinance,2026-07-14T18:50:27.103795
2025-06-30 00:00:00-04:00,23.699536615519968,23.942415588216765,23.54073003690374,23.90505027770996,349400,0.154,0.0,smartcentres,yfinance,2026-07-14T18:50:27.103795
2025-07-02 00:00:00-04:00,23.951755673212112,23.951755673212112,23.699534945224368,23.8676815032959,213100,0.0,0.0,smartcentres,yfinance,2026-07-14T18:50:27.103795
2025-07-03 00:00:00-04:00,23.79295071311211,23.998466156462335,23.774268948793836,23.85834312438965,252300,0.0,0.0,smartcentres,yfinance,2026-07-14T18:50:27.103795
2025-07-04 00:00:00-04:00,23.867678616180005,24.241342340279502,23.867678616180005,24.19463348388672,285200,0.0,0.0,smartcentres,yfinance,2026-07-14T18:50:27.103795
2025-07-07 00:00:00-04:00,24.26936513831274,24.316073993292783,23.886361436279554,23.914386749267578,256100,0.0,0.0,smartcentres,yfinance,2026-07-14T18:50:27.103795
2025-07-08 00:00:00-04:00,23.914387733992893,23.961094809135563,23.80228825918549,23.848997116088867,216400,0.0,0.0,smartcentres,yfinance,2026-07-14T18:50:27.103795
2025-07-09 00:00:00-04:00,23.942413900803544,23.98912276284639,23.820974423013958,23.8676815032959,168700,0.0,0.0,smartcentres,yfinance,2026-07-14T18:50:27.103795
2025-07-10 00:00:00-04:00,23.961090849527736,24.091873845484393,23.848993175005354,23.933067321777344,203800,0.0,0.0,smartcentres,yfinance,2026-07-14T18:50:27.103795
2025-07-11 00:00:00-04:00,23.86767775821544,24.063851384491947,23.774263612309184,23.99846076965332,252000,0.0,0.0,smartcentres,yfinance,2026-07-14T18:50:27.103795
2025-07-14 00:00:00-04:00,24.017143734758992,24.26936621758581,24.017143734758992,24.157268524169922,218900,0.0,0.0,smartcentres,yfinance,2026-07-14T18:50:27.103795
2025-07-15 00:00:00-04:00,24.138581511013466,24.2506791883134,23.989116753439923,24.035823822021484,277800,0.0,0.0,smartcentres,yfinance,2026-07-14T18:50:27.103795
2025-07-16 00:00:00-04:00,24.08253537153479,24.21331660362949,24.06385182930393,24.185291290283203,256600,0.0,0.0,smartcentres,yfinance,2026-07-14T18:50:27.103795
2025-07-17 00:00:00-04:00,24.185288661515802,24.316071661155988,24.110556282475898,24.166606903076172,308000,0.0,0.0,smartcentres,yfinance,2026-07-14T18:50:27.103795
2025-07-18 00:00:00-04:00,24.222658214874116,24.222658214874116,24.07319344153503,24.091876983642578,211300,0.0,0.0,smartcentres,yfinance,2026-07-14T18:50:27.103795
2025-07-21 00:00:00-04:00,24.19463255804632,24.2039743289674,24.09187664143567,24.129241943359375,137600,0.0,0.0,smartcentres,yfinance,2026-07-14T18:50:27.103795
2025-07-22 00:00:00-04:00,24.22266056162894,24.316076499456408,24.175951701834794,24.278709411621094,248100,0.0,0.0,smartcentres,yfinance,2026-07-14T18:50:27.103795
2025-07-23 00:00:00-04:00,24.418831075363887,24.474881704013224,24.203975677490234,24.203975677490234,229600,0.0,0.0,smartcentres,yfinance,2026-07-14T18:50:27.103795
2025-07-24 00:00:00-04:00,24.203974385111955,24.288048541836083,23.97977722776782,23.99846076965332,443000,0.0,0.0,smartcentres,yfinance,2026-07-14T18:50:27.103795
2025-07-25 00:00:00-04:00,23.970433213303114,24.138581511013466,23.839651995866376,24.035823822021484,286800,0.0,0.0,smartcentres,yfinance,2026-07-14T18:50:27.103795
2025-07-28 00:00:00-04:00,24.03582756181792,24.05451110486175,23.708872685593867,23.727556228637695,418000,0.0,0.0,smartcentres,yfinance,2026-07-14T18:50:27.103795
2025-07-29 00:00:00-04:00,23.783606203028132,24.054512244718698,23.71821558103684,24.01714515686035,218100,0.0,0.0,smartcentres,yfinance,2026-07-14T18:50:27.103795
2025-07-30 00:00:00-04:00,24.054511382498486,24.26936678470016,23.979778991221348,24.082536697387695,406600,0.0,0.0,smartcentres,yfinance,2026-07-14T18:50:27.103795
2025-07-31 00:00:00-04:00,23.982920846820413,24.18966951546828,23.860749793893913,23.870147705078125,770900,0.154,0.0,smartcentres,yfinance,2026-07-14T18:50:27.103795
2025-08-01 00:00:00-04:00,23.823159941625335,23.92653337971513,23.73858053343569,23.870147705078125,324400,0.0,0.0,smartcentres,yfinance,2026-07-14T18:50:27.103795
2025-08-05 00:00:00-04:00,24.08629590949145,24.199069058840102,23.88894513871681,24.0487060546875,287400,0.0,0.0,smartcentres,yfinance,2026-07-14T18:50:27.103795
2025-08-06 00:00:00-04:00,24.058101715844277,24.236658438746968,24.02990798302757,24.142681121826172,259700,0.0,0.0,smartcentres,yfinance,2026-07-14T18:50:27.103795
2025-08-07 00:00:00-04:00,24.07689501031585,24.3400293191104,24.039303370506317,24.199064254760742,496100,0.0,0.0,smartcentres,yfinance,2026-07-14T18:50:27.103795
2025-08-08 00:00:00-04:00,24.340033387133083,24.49039638656574,24.217864122269674,24.321237564086914,353000,0.0,0.0,smartcentres,yfinance,2026-07-14T18:50:27.103795
2025-08-11 00:00:00-04:00,24.25545397589367,24.3870229447485,24.15208053407643,24.321237564086914,430400,0.0,0.0,smartcentres,yfinance,2026-07-14T18:50:27.103795
2025-08-12 00:00:00-04:00,24.34942754917555,24.471598587694622,24.086291444453607,24.405813217163086,385700,0.0,0.0,smartcentres,yfinance,2026-07-14T18:50:27.103795
2025-08-13 00:00:00-04:00,24.41521368273831,24.753531311010796,24.34003218672979,24.7347354888916,458900,0.0,0.0,smartcentres,yfinance,2026-07-14T18:50:27.103795
2025-08-14 00:00:00-04:00,24.856903620692552,25.044856442404203,24.603165429290375,25.016664505004883,440200,0.0,0.0,smartcentres,yfinance,2026-07-14T18:50:27.103795
2025-08-15 00:00:00-04:00,25.054253503862796,25.138832898132456,24.885094715323476,25.120037078857422,485800,0.0,0.0,smartcentres,yfinance,2026-07-14T18:50:27.103795
2025-08-18 00:00:00-04:00,25.15762856918178,25.251605872535254,24.903890387867797,24.950878143310547,264400,0.0,0.0,smartcentres,yfinance,2026-07-14T18:50:27.103795
2025-08-19 00:00:00-04:00,25.101244964460072,25.37377900676939,24.913292121372358,25.3361873626709,399500,0.0,0.0,smartcentres,yfinance,2026-07-14T18:50:27.103795
2025-08-20 00:00:00-04:00,25.373780048721446,25.392575871542526,25.185825405447293,25.270404815673828,274700,0.0,0.0,smartcentres,yfinance,2026-07-14T18:50:27.103795
2025-08-21 00:00:00-04:00,25.20462353515291,25.326794602203464,25.20462353515291,25.261009216308594,206200,0.0,0.0,smartcentres,yfinance,2026-07-14T18:50:27.103795
2025-08-22 00:00:00-04:00,25.373780163517626,25.571130926626854,25.326792398720666,25.439563751220703,219700,0.0,0.0,smartcentres,yfinance,2026-07-14T18:50:27.103795
2025-08-25 00:00:00-04:00,25.392574998137373,25.448960672192847,25.14823468727265,25.204620361328125,216400,0.0,0.0,smartcentres,yfinance,2026-07-14T18:50:27.103795
2025-08-26 00:00:00-04:00,25.223415477189914,25.223415477189914,24.932087411514853,25.00726890563965,390000,0.0,0.0,smartcentres,yfinance,2026-07-14T18:50:27.103795
2025-08-27 00:00:00-04:00,24.99787198186176,25.27040423664956,24.99787198186176,25.242212295532227,252100,0.0,0.0,smartcentres,yfinance,2026-07-14T18:50:27.103795
2025-08-28 00:00:00-04:00,25.195222335978084,25.279801742911847,25.129438751133662,25.251609802246094,202100,0.0,0.0,smartcentres,yfinance,2026-07-14T18:50:27.103795
2025-08-29 00:00:00-04:00,25.37826373442791,25.49168513099977,25.21758192028395,25.48223304748535,227300,0.154,0.0,smartcentres,yfinance,2026-07-14T18:50:27.103795
2025-09-02 00:00:00-04:00,25.29319720546742,25.48223347049206,25.037996354743495,25.113611221313477,325200,0.0,0.0,smartcentres,yfinance,2026-07-14T18:50:27.103795
2025-09-03 00:00:00-04:00,25.104160666246322,25.264842492841606,25.05690204781272,25.208131790161133,476300,0.0,0.0,smartcentres,yfinance,2026-07-14T18:50:27.103795
2025-09-04 00:00:00-04:00,25.208130246587416,25.331003728671295,25.170321911915067,25.312101364135742,278500,0.0,0.0,smartcentres,yfinance,2026-07-14T18:50:27.103795
2025-09-05 00:00:00-04:00,25.331002753810633,25.6145598445387,25.312100390002538,25.548397064208984,353600,0.0,0.0,smartcentres,yfinance,2026-07-14T18:50:27.103795
2025-09-08 00:00:00-04:00,25.5200450959859,25.5200450959859,25.283748382134178,25.33100700378418,316200,0.0,0.0,smartcentres,yfinance,2026-07-14T18:50:27.103795
2025-09-09 00:00:00-04:00,25.29319639589325,25.368811260042982,25.217581531743516,25.227033615112305,260600,0.0,0.0,smartcentres,yfinance,2026-07-14T18:50:27.103795
2025-09-10 00:00:00-04:00,25.274294199343363,25.416071855325924,25.151420711571994,25.302650451660156,264200,0.0,0.0,smartcentres,yfinance,2026-07-14T18:50:27.103795
2025-09-11 00:00:00-04:00,25.34991059713161,25.463333810433678,25.283747807205746,25.397171020507812,196200,0.0,0.0,smartcentres,yfinance,2026-07-14T18:50:27.103795
2025-09-12 00:00:00-04:00,25.397167901456754,25.633464580915486,25.34045540037023,25.48223304748535,320100,0.0,0.0,smartcentres,yfinance,2026-07-14T18:50:27.103795
2025-09-15 00:00:00-04:00,25.56730047506994,25.59565672614418,25.368812125952136,25.38771629333496,287600,0.0,0.0,smartcentres,yfinance,2026-07-14T18:50:27.103795
2025-09-16 00:00:00-04:00,25.34045870535929,25.463334004271978,25.283747999676958,25.425525665283203,241600,0.0,0.0,smartcentres,yfinance,2026-07-14T18:50:27.103795
2025-09-17 00:00:00-04:00,25.47278331591077,25.57675263120957,25.236486631357984,25.264841079711914,253800,0.0,0.0,smartcentres,yfinance,2026-07-14T18:50:27.103795
2025-09-18 00:00:00-04:00,25.245937587390987,25.416071493266738,25.14196826931189,25.198678970336914,224700,0.0,0.0,smartcentres,yfinance,2026-07-14T18:50:27.103795
2025-09-19 00:00:00-04:00,25.264841815542656,25.34990876868326,25.179774862402052,25.274293899536133,588800,0.0,0.0,smartcentres,yfinance,2026-07-14T18:50:27.103795
2025-09-22 00:00:00-04:00,25.264843229797453,25.35936227222244,25.12306556756036,25.21758460998535,326000,0.0,0.0,smartcentres,yfinance,2026-07-14T18:50:27.103795
2025-09-23 00:00:00-04:00,25.217583138278815,25.331004540328863,25.16087243725379,25.198678970336914,333200,0.0,0.0,smartcentres,yfinance,2026-07-14T18:50:27.103795
2025-09-24 00:00:00-04:00,25.179772830372634,25.28374394310963,25.11361005055838,25.123062133789062,375800,0.0,0.0,smartcentres,yfinance,2026-07-14T18:50:27.103795
2025-09-25 00:00:00-04:00,25.104156788001198,25.141965119147805,24.839505681176778,24.934022903442383,404900,0.0,0.0,smartcentres,yfinance,2026-07-14T18:50:27.103795
2025-09-26 00:00:00-04:00,24.943479456141446,25.217584497673048,24.943479456141446,25.066354751586914,309300,0.0,0.0,smartcentres,yfinance,2026-07-14T18:50:27.103795
2025-09-29 00:00:00-04:00,25.288816676309402,25.3173367371843,25.07965989213126,25.26980209350586,273800,0.154,0.0,smartcentres,yfinance,2026-07-14T18:50:27.103795
2025-09-30 00:00:00-04:00,25.260299352554725,25.48846894730901,25.260299352554725,25.431427001953125,441400,0.0,0.0,smartcentres,yfinance,2026-07-14T18:50:27.103795
2025-10-01 00:00:00-04:00,25.42191354290573,25.57402656918115,25.393391670480227,25.469449996948242,271900,0.0,0.0,smartcentres,yfinance,2026-07-14T18:50:27.103795
2025-10-02 00:00:00-04:00,25.450437003192512,25.536000812477077,25.345858611104617,25.48846435546875,219600,0.0,0.0,smartcentres,yfinance,2026-07-14T18:50:27.103795
2025-10-03 00:00:00-04:00,25.50747962813141,25.659592668011165,25.47895775315503,25.58353614807129,514000,0.0,0.0,smartcentres,yfinance,2026-07-14T18:50:27.103795
2025-10-06 00:00:00-04:00,25.602552754805597,25.602552754805597,25.184240955411084,25.2127628326416,358400,0.0,0.0,smartcentres,yfinance,2026-07-14T18:50:27.103795
2025-10-07 00:00:00-04:00,25.193744426319757,25.222266299223946,24.956067592109193,24.994096755981445,516800,0.0,0.0,smartcentres,yfinance,2026-07-14T18:50:27.103795
2025-10-08 00:00:00-04:00,24.94656349485322,24.984592663594047,24.78494315436584,24.965578079223633,373900,0.0,0.0,smartcentres,yfinance,2026-07-14T18:50:27.103795
2025-10-09 00:00:00-04:00,24.975085687028237,25.041634919835122,24.72790152708081,24.794450759887695,278500,0.0,0.0,smartcentres,yfinance,2026-07-14T18:50:27.103795
2025-10-10 00:00:00-04:00,24.841984955730386,24.85149224786262,24.632829968812928,24.83247947692871,389800,0.0,0.0,smartcentres,yfinance,2026-07-14T18:50:27.103795
2025-10-14 00:00:00-04:00,24.81346433625377,25.193746946362953,24.718393230393843,25.089168548583984,444700,0.0,0.0,smartcentres,yfinance,2026-07-14T18:50:27.103795
2025-10-15 00:00:00-04:00,25.11768767180952,25.241278826552275,25.03212386724518,25.07965850830078,281600,0.0,0.0,smartcentres,yfinance,2026-07-14T18:50:27.103795
2025-10-16 00:00:00-04:00,24.994099185090885,25.165224999156266,24.96557730941473,25.022619247436523,223200,0.0,0.0,smartcentres,yfinance,2026-07-14T18:50:27.103795
2025-10-17 00:00:00-04:00,24.994099713650368,25.212761991800136,24.90853589814297,25.20325469970703,218900,0.0,0.0,smartcentres,yfinance,2026-07-14T18:50:27.103795
2025-10-20 00:00:00-04:00,25.30783224589912,25.41240882873535,25.222268433277346,25.41240882873535,318600,0.0,0.0,smartcentres,yfinance,2026-07-14T18:50:27.103795
2025-10-21 00:00:00-04:00,25.355367280937692,25.564522263153666,25.298325342757067,25.459945678710938,332100,0.0,0.0,smartcentres,yfinance,2026-07-14T18:50:27.103795
2025-10-22 00:00:00-04:00,25.593041308376122,25.688112403716197,25.51698479477013,25.602548599243164,435800,0.0,0.0,smartcentres,yfinance,2026-07-14T18:50:27.103795
2025-10-23 00:00:00-04:00,25.62156355960293,25.726140134025112,25.507477880842863,25.716632843017578,160700,0.0,0.0,smartcentres,yfinance,2026-07-14T18:50:27.103795
2025-10-24 00:00:00-04:00,25.716632843017578,25.830718521777644,25.697620074332857,25.716632843017578,250000,0.0,0.0,smartcentres,yfinance,2026-07-14T18:50:27.103795
2025-10-27 00:00:00-04:00,25.716630796408886,25.840223756340574,25.678603448735426,25.802194595336914,314800,0.0,0.0,smartcentres,yfinance,2026-07-14T18:50:27.103795
2025-10-28 00:00:00-04:00,25.81170500980368,25.849734175410344,25.450437003192512,25.48846435546875,253900,0.0,0.0,smartcentres,yfinance,2026-07-14T18:50:27.103795
2025-10-29 00:00:00-04:00,25.50747638733567,25.526490968237404,25.12719383595224,25.24127769470215,493000,0.0,0.0,smartcentres,yfinance,2026-07-14T18:50:27.103795
2025-10-30 00:00:00-04:00,25.23177504205118,25.288816977811464,25.06064742143988,25.098674774169922,356800,0.0,0.0,smartcentres,yfinance,2026-07-14T18:50:27.103795
2025-10-31 00:00:00-04:00,25.303321202319626,25.52326832088406,25.03556234767311,25.43720245361328,286900,0.154,0.0,smartcentres,yfinance,2026-07-14T18:50:27.103795
2025-11-03 00:00:00-05:00,25.418072873446214,25.418072873446214,25.112061752834126,25.245941162109375,295600,0.0,0.0,smartcentres,yfinance,2026-07-14T18:50:27.103795
2025-11-04 00:00:00-05:00,25.26507088819371,25.2746339650623,24.959059724280483,25.03556251525879,352900,0.0,0.0,smartcentres,yfinance,2026-07-14T18:50:27.103795
2025-11-05 00:00:00-05:00,25.02599570678587,25.389383453755794,24.959056002657476,25.341569900512695,241200,0.0,0.0,smartcentres,yfinance,2026-07-14T18:50:27.103795
2025-11-06 00:00:00-05:00,25.341572998472405,25.48501549970742,25.150315114178806,25.475452423095703,212400,0.0,0.0,smartcentres,yfinance,2026-07-14T18:50:27.103795
2025-11-07 00:00:00-05:00,25.437201344641494,25.47545182622181,25.26506961760427,25.408512115478516,241000,0.0,0.0,smartcentres,yfinance,2026-07-14T18:50:27.103795
2025-11-10 00:00:00-05:00,25.389387069590406,25.542392650522814,25.389387069590406,25.43720245361328,386100,0.0,0.0,smartcentres,yfinance,2026-07-14T18:50:27.103795
2025-11-11 00:00:00-05:00,25.50414102217313,25.618896114705286,25.485014869422717,25.609333038330078,184700,0.0,0.0,smartcentres,yfinance,2026-07-14T18:50:27.103795
2025-11-12 00:00:00-05:00,25.628457796741795,25.71452366159113,25.485015296649692,25.571081161499023,308800,0.0,0.0,smartcentres,yfinance,2026-07-14T18:50:27.103795
2025-11-13 00:00:00-05:00,25.52326750728877,25.52326750728877,24.9016821265686,24.95905876159668,652400,0.0,0.0,smartcentres,yfinance,2026-07-14T18:50:27.103795
2025-11-14 00:00:00-05:00,25.11206399189541,25.150314473397362,24.863429478236608,25.102500915527344,478000,0.0,0.0,smartcentres,yfinance,2026-07-14T18:50:27.103795
2025-11-17 00:00:00-05:00,24.997307704054997,25.23637912991312,24.882554441066425,24.96862030029297,342200,0.0,0.0,smartcentres,yfinance,2026-07-14T18:50:27.103795
2025-11-18 00:00:00-05:00,24.882556933302176,25.083376075631328,24.863430779564997,25.03556251525879,226600,0.0,0.0,smartcentres,yfinance,2026-07-14T18:50:27.103795
2025-11-19 00:00:00-05:00,25.05468664946645,25.29375807999964,25.016434345075414,25.236379623413086,265900,0.0,0.0,smartcentres,yfinance,2026-07-14T18:50:27.103795
2025-11-20 00:00:00-05:00,25.207694232698156,25.284197023621065,24.844304607836545,24.882556915283203,491700,0.0,0.0,smartcentres,yfinance,2026-07-14T18:50:27.103795
2025-11-21 00:00:00-05:00,24.872994223072617,25.083376445371485,24.872994223072617,25.04512596130371,242000,0.0,0.0,smartcentres,yfinance,2026-07-14T18:50:27.103795
2025-11-24 00:00:00-05:00,24.98774733762354,25.1025024370255,24.911244546012373,24.93993377685547,284000,0.0,0.0,smartcentres,yfinance,2026-07-14T18:50:27.103795
2025-11-25 00:00:00-05:00,25.00687211788801,25.284195862226568,25.00687211788801,25.0546875,370100,0.0,0.0,smartcentres,yfinance,2026-07-14T18:50:27.103795
2025-11-26 00:00:00-05:00,25.0451244235776,25.150314616283325,25.0451244235776,25.0546875,287800,0.0,0.0,smartcentres,yfinance,2026-07-14T18:50:27.103795
2025-11-27 00:00:00-05:00,25.121627236058437,25.245943581733027,25.054687525005168,25.207693099975586,232900,0.0,0.0,smartcentres,yfinance,2026-07-14T18:50:27.103795
2025-11-28 00:00:00-05:00,25.028780382899853,25.298112736136247,25.01916110818583,25.23077964782715,262400,0.154,0.0,smartcentres,yfinance,2026-07-14T18:50:27.103795
2025-12-01 00:00:00-05:00,25.20192302808084,25.20192302808084,25.057635745668154,25.0672550201416,309400,0.0,0.0,smartcentres,yfinance,2026-07-14T18:50:27.103795
2025-12-02 00:00:00-05:00,25.17306324341129,25.17306324341129,24.672872017896342,24.788301467895508,449600,0.0,0.0,smartcentres,yfinance,2026-07-14T18:50:27.103795
2025-12-03 00:00:00-05:00,24.672872264568525,24.8748733454144,24.413157375490496,24.538206100463867,355900,0.0,0.0,smartcentres,yfinance,2026-07-14T18:50:27.103795
2025-12-04 00:00:00-05:00,24.5285861804689,24.672871614592715,24.355442925644788,24.37468147277832,248400,0.0,0.0,smartcentres,yfinance,2026-07-14T18:50:27.103795
2025-12-05 00:00:00-05:00,24.336204387676933,24.336204387676933,24.153443693906056,24.268871307373047,341600,0.0,0.0,smartcentres,yfinance,2026-07-14T18:50:27.103795
2025-12-08 00:00:00-05:00,24.240013636305026,24.288108166124836,24.05725112055006,24.23039436340332,204500,0.0,0.0,smartcentres,yfinance,2026-07-14T18:50:27.103795
2025-12-09 00:00:00-05:00,24.22077854183093,24.345825437994176,24.15344545661311,24.201539993286133,256000,0.0,0.0,smartcentres,yfinance,2026-07-14T18:50:27.103795
2025-12-10 00:00:00-05:00,24.201538227069165,24.422776015121592,24.191918953498774,24.268871307373047,216700,0.0,0.0,smartcentres,yfinance,2026-07-14T18:50:27.103795
2025-12-11 00:00:00-05:00,24.307350921211167,24.413159272075237,24.09573055010497,24.153446197509766,303000,0.0,0.0,smartcentres,yfinance,2026-07-14T18:50:27.103795
2025-12-12 00:00:00-05:00,24.211159026219224,24.52858773528834,24.10534884496654,24.3458251953125,387500,0.0,0.0,smartcentres,yfinance,2026-07-14T18:50:27.103795
2025-12-15 00:00:00-05:00,24.374682114898686,24.64401627779689,24.35544356725834,24.538206100463867,247000,0.0,0.0,smartcentres,yfinance,2026-07-14T18:50:27.103795
2025-12-16 00:00:00-05:00,24.44201671824139,24.749826160889707,24.44201671824139,24.61515998840332,204100,0.0,0.0,smartcentres,yfinance,2026-07-14T18:50:27.103795
2025-12-17 00:00:00-05:00,24.624781327910117,24.66325659412328,24.518971135117912,24.576684951782227,262000,0.0,0.0,smartcentres,yfinance,2026-07-14T18:50:27.103795
2025-12-18 00:00:00-05:00,24.55744368039295,24.826775997988953,24.538205133510715,24.7305850982666,255500,0.0,0.0,smartcentres,yfinance,2026-07-14T18:50:27.103795
2025-12-19 00:00:00-05:00,24.682493953179772,24.826779405220652,24.624780139301233,24.6343994140625,426300,0.0,0.0,smartcentres,yfinance,2026-07-14T18:50:27.103795
2025-12-22 00:00:00-05:00,24.624777857165494,24.75944402196473,24.528586953156513,24.711349487304688,177000,0.0,0.0,smartcentres,yfinance,2026-07-14T18:50:27.103795
2025-12-23 00:00:00-05:00,24.72097053500884,24.749826523999847,24.61516034953774,24.644018173217773,197400,0.0,0.0,smartcentres,yfinance,2026-07-14T18:50:27.103795
2025-12-24 00:00:00-05:00,24.65363385658384,24.682491678207832,24.567064061089656,24.605539321899414,129900,0.0,0.0,smartcentres,yfinance,2026-07-14T18:50:27.103795
2025-12-29 00:00:00-05:00,24.644016031413198,24.836396001826657,24.644016031413198,24.788301467895508,231400,0.0,0.0,smartcentres,yfinance,2026-07-14T18:50:27.103795
2025-12-30 00:00:00-05:00,24.817158470283594,24.913349376772388,24.74982538614812,24.874874114990234,216400,0.0,0.0,smartcentres,yfinance,2026-07-14T18:50:27.103795
2025-12-31 00:00:00-05:00,24.859388487501825,24.94647874482396,24.752944429512546,24.917448043823242,216800,0.154,0.0,smartcentres,yfinance,2026-07-14T18:50:27.103795
2026-01-02 00:00:00-05:00,24.946481704711914,25.052923929650493,24.820683831129635,24.946481704711914,226800,0.0,0.0,smartcentres,yfinance,2026-07-14T18:50:27.103795
2026-01-05 00:00:00-05:00,24.94648343913673,25.314196492606914,24.878745124055044,25.26581382751465,511200,0.0,0.0,smartcentres,yfinance,2026-07-14T18:50:27.103795
2026-01-06 00:00:00-05:00,25.323871288742307,25.4012846538602,25.05292358798959,25.188398361206055,347100,0.0,0.0,smartcentres,yfinance,2026-07-14T18:50:27.103795
2026-01-07 00:00:00-05:00,25.256136067659483,25.478699272614232,25.13033818960311,25.31419563293457,248800,0.0,0.0,smartcentres,yfinance,2026-07-14T18:50:27.103795
2026-01-08 00:00:00-05:00,25.294840759721822,25.64320182800293,25.207750492651545,25.64320182800293,305800,0.0,0.0,smartcentres,yfinance,2026-07-14T18:50:27.103795
2026-01-09 00:00:00-05:00,25.64320246541202,25.92382707643174,25.614171760440243,25.89479637145996,299700,0.0,0.0,smartcentres,yfinance,2026-07-14T18:50:27.103795
2026-01-12 00:00:00-05:00,25.80770472180544,26.127035076693375,25.681908698350263,26.107681274414062,612600,0.0,0.0,smartcentres,yfinance,2026-07-14T18:50:27.103795
2026-01-13 00:00:00-05:00,26.156068677572073,26.320572323808893,25.952857422488766,26.117361068725586,485600,0.0,0.0,smartcentres,yfinance,2026-07-14T18:50:27.103795
2026-01-14 00:00:00-05:00,26.127037736579357,26.485075732476286,26.098007030204897,26.41733741760254,518200,0.0,0.0,smartcentres,yfinance,2026-07-14T18:50:27.103795
2026-01-15 00:00:00-05:00,26.4173343275872,26.56248599680087,26.32056900901828,26.330244064331055,309800,0.0,0.0,smartcentres,yfinance,2026-07-14T18:50:27.103795
2026-01-16 00:00:00-05:00,26.349598578786843,26.601192474365234,26.243156356346894,26.601192474365234,389200,0.0,0.0,smartcentres,yfinance,2026-07-14T18:50:27.103795
2026-01-19 00:00:00-05:00,26.465721928226642,26.572164160238952,26.28186447921577,26.41733741760254,229600,0.0,0.0,smartcentres,yfinance,2026-07-14T18:50:27.103795
2026-01-20 00:00:00-05:00,26.32057145763338,26.39798482709841,26.098006405451155,26.146390914916992,350000,0.0,0.0,smartcentres,yfinance,2026-07-14T18:50:27.103795
2026-01-21 00:00:00-05:00,26.146390852079666,26.33992335243696,26.02059297345113,26.127037048339844,306500,0.0,0.0,smartcentres,yfinance,2026-07-14T18:50:27.103795
2026-01-22 00:00:00-05:00,26.117358370570823,26.378629166251894,26.117358370570823,26.185094833374023,320900,0.0,0.0,smartcentres,yfinance,2026-07-14T18:50:27.103795
2026-01-23 00:00:00-05:00,26.136714638704177,26.456045026101823,26.078655071635612,26.41733741760254,449200,0.0,0.0,smartcentres,yfinance,2026-07-14T18:50:27.103795
2026-01-26 00:00:00-05:00,26.388308730226548,26.47539900424158,26.078655242919922,26.078655242919922,307300,0.0,0.0,smartcentres,yfinance,2026-07-14T18:50:27.103795
2026-01-27 00:00:00-05:00,26.252832570032723,26.252832570032723,25.92382714126444,25.933502197265625,314900,0.0,0.0,smartcentres,yfinance,2026-07-14T18:50:27.103795
2026-01-28 00:00:00-05:00,25.933500820876258,25.99156222788348,25.749645235727247,25.768997192382812,332900,0.0,0.0,smartcentres,yfinance,2026-07-14T18:50:27.103795
2026-01-29 00:00:00-05:00,25.827060222546855,26.059300328130846,25.710939246914712,26.030269622802734,369400,0.0,0.0,smartcentres,yfinance,2026-07-14T18:50:27.103795
2026-01-30 00:00:00-05:00,25.985501663074167,26.13148725204049,25.712993869044887,25.97576904296875,450700,0.154,0.0,smartcentres,yfinance,2026-07-14T18:50:27.103795
2026-02-02 00:00:00-05:00,26.06335867149706,26.189879010077302,25.810316138029243,26.10228729248047,706000,0.0,0.0,smartcentres,yfinance,2026-07-14T18:50:27.103795
2026-02-03 00:00:00-05:00,26.09255618882508,26.32613349721559,25.92710536334337,25.966035842895508,494700,0.0,0.0,smartcentres,yfinance,2026-07-14T18:50:27.103795
2026-02-04 00:00:00-05:00,26.08282215587186,26.637570321591106,26.014695676653883,26.39426040649414,716200,0.0,0.0,smartcentres,yfinance,2026-07-14T18:50:27.103795
2026-02-05 00:00:00-05:00,26.37479803633669,26.569444875799952,26.287206308870584,26.54024887084961,457200,0.0,0.0,smartcentres,yfinance,2026-07-14T18:50:27.103795
2026-02-06 00:00:00-05:00,26.520780945257833,26.647301285285664,26.403991368356692,26.462387084960938,373200,0.0,0.0,smartcentres,yfinance,2026-07-14T18:50:27.103795
2026-02-09 00:00:00-05:00,26.452655378371592,26.55971233953308,26.209345453046332,26.413724899291992,292800,0.0,0.0,smartcentres,yfinance,2026-07-14T18:50:27.103795
2026-02-10 00:00:00-05:00,26.413726661706328,26.70569970536253,26.413726661706328,26.54024887084961,267500,0.0,0.0,smartcentres,yfinance,2026-07-14T18:50:27.103795
2026-02-11 00:00:00-05:00,26.56944485223525,26.62784057469922,26.345600151712635,26.44292449951172,199700,0.0,0.0,smartcentres,yfinance,2026-07-14T18:50:27.103795
2026-02-12 00:00:00-05:00,26.442923306561035,26.520782410026246,26.063360409206567,26.131486892700195,560900,0.0,0.0,smartcentres,yfinance,2026-07-14T18:50:27.103795
2026-02-13 00:00:00-05:00,26.277470486612305,26.734892452738258,26.08282181455892,26.549978256225586,597100,0.0,0.0,smartcentres,yfinance,2026-07-14T18:50:27.103795
2026-02-17 00:00:00-05:00,26.569445301548953,26.949010078753414,26.559714537281273,26.871150970458984,509600,0.0,0.0,smartcentres,yfinance,2026-07-14T18:50:27.103795
2026-02-18 00:00:00-05:00,26.949010078753414,27.09499567476702,26.75436137986356,26.871150970458984,457800,0.0,0.0,smartcentres,yfinance,2026-07-14T18:50:27.103795
2026-02-19 00:00:00-05:00,26.83222067814757,26.96847365455069,26.63757383418706,26.93927764892578,394800,0.0,0.0,smartcentres,yfinance,2026-07-14T18:50:27.103795
2026-02-20 00:00:00-05:00,26.910077115808,27.1728522781937,26.841950634368906,27.056062698364258,390200,0.0,0.0,smartcentres,yfinance,2026-07-14T18:50:27.103795
2026-02-23 00:00:00-05:00,27.10472720417328,27.357769760020197,27.056064103256087,27.33830451965332,276200,0.0,0.0,smartcentres,yfinance,2026-07-14T18:50:27.103795
2026-02-24 00:00:00-05:00,27.367501179082204,27.386964562287368,27.026866912841797,27.026866912841797,397100,0.0,0.0,smartcentres,yfinance,2026-07-14T18:50:27.103795
2026-02-25 00:00:00-05:00,27.114457287317425,27.202049004465117,26.929541233749266,27.133920669555664,199300,0.0,0.0,smartcentres,yfinance,2026-07-14T18:50:27.103795
2026-02-26 00:00:00-05:00,27.17285349635018,27.318839085450957,27.05606391128507,27.270177841186523,568100,0.0,0.0,smartcentres,yfinance,2026-07-14T18:50:27.103795
2026-02-27 00:00:00-05:00,27.21537514673639,27.49917535747135,27.088155585536583,27.176231384277344,509700,0.154,0.0,smartcentres,yfinance,2026-07-14T18:50:27.103795
2026-03-02 00:00:00-05:00,27.127299310272345,27.127299310272345,26.637990147533596,27.078369140625,406800,0.0,0.0,smartcentres,yfinance,2026-07-14T18:50:27.103795
2026-03-03 00:00:00-05:00,26.84349997976576,27.068581738375947,26.53034242577484,26.931575775146484,253400,0.0,0.0,smartcentres,yfinance,2026-07-14T18:50:27.103795
2026-03-04 00:00:00-05:00,26.921790716224937,27.019652923388577,26.804355694315298,27.000080108642578,225100,0.0,0.0,smartcentres,yfinance,2026-07-14T18:50:27.103795
2026-03-05 00:00:00-05:00,26.96093444258224,27.058796649613143,26.902217864990234,26.902217864990234,303500,0.0,0.0,smartcentres,yfinance,2026-07-14T18:50:27.103795
2026-03-06 00:00:00-05:00,26.833712886889266,26.85328570015489,26.422693141142183,26.608631134033203,217800,0.0,0.0,smartcentres,yfinance,2026-07-14T18:50:27.103795
2026-03-09 00:00:00-04:00,26.412906397908973,26.412906397908973,25.80616412693646,26.2073974609375,498800,0.0,0.0,smartcentres,yfinance,2026-07-14T18:50:27.103795
2026-03-10 00:00:00-04:00,26.207396710449043,26.58905722050446,26.060602483597453,26.26611328125,258900,0.0,0.0,smartcentres,yfinance,2026-07-14T18:50:27.103795
2026-03-11 00:00:00-04:00,26.295472652281042,26.324830004568543,26.04103168858124,26.178037643432617,164600,0.0,0.0,smartcentres,yfinance,2026-07-14T18:50:27.103795
2026-03-12 00:00:00-04:00,25.97252750952632,26.236753000720032,25.943168292030993,26.02145767211914,314000,0.0,0.0,smartcentres,yfinance,2026-07-14T18:50:27.103795
2026-03-13 00:00:00-04:00,26.178038797364373,26.383547738700305,25.962743449312505,26.23675537109375,253200,0.0,0.0,smartcentres,yfinance,2026-07-14T18:50:27.103795
2026-03-16 00:00:00-04:00,26.217186240617135,26.667349781341134,26.08017840366806,26.520557403564453,282400,0.0,0.0,smartcentres,yfinance,2026-07-14T18:50:27.103795
2026-03-17 00:00:00-04:00,26.589061012183485,26.980507984288252,26.579274604560066,26.74563980102539,243100,0.0,0.0,smartcentres,yfinance,2026-07-14T18:50:27.103795
2026-03-18 00:00:00-04:00,26.608631089980758,26.82392643584757,26.461838723864012,26.51076889038086,217700,0.0,0.0,smartcentres,yfinance,2026-07-14T18:50:27.103795
2026-03-19 00:00:00-04:00,26.50098254846313,26.696706948140765,26.001887009194753,26.129108428955078,384700,0.0,0.0,smartcentres,yfinance,2026-07-14T18:50:27.103795
2026-03-20 00:00:00-04:00,26.060602380210565,26.42269194293995,25.91381002050746,25.9725284576416,1135100,0.0,0.0,smartcentres,yfinance,2026-07-14T18:50:27.103795
2026-03-23 00:00:00-04:00,25.933384029277445,26.412906755264817,25.89423840271543,26.129108428955078,368000,0.0,0.0,smartcentres,yfinance,2026-07-14T18:50:27.103795
2026-03-24 00:00:00-04:00,26.138894678463448,26.412908482618878,25.98231589510787,26.11932373046875,282600,0.0,0.0,smartcentres,yfinance,2026-07-14T18:50:27.103795
2026-03-25 00:00:00-04:00,26.324829852050957,26.39333282907976,26.11932092096454,26.26611328125,272700,0.0,0.0,smartcentres,yfinance,2026-07-14T18:50:27.103795
2026-03-26 00:00:00-04:00,26.236756085716205,26.344404695957323,26.080177307128906,26.080177307128906,288500,0.0,0.0,smartcentres,yfinance,2026-07-14T18:50:27.103795
2026-03-27 00:00:00-04:00,26.168250981723702,26.178037387912727,25.845307043750417,25.9725284576416,390800,0.0,0.0,smartcentres,yfinance,2026-07-14T18:50:27.103795
2026-03-30 00:00:00-04:00,26.050819396972656,26.285687559842863,25.952957195801847,26.050819396972656,316800,0.0,0.0,smartcentres,yfinance,2026-07-14T18:50:27.103795
2026-03-31 00:00:00-04:00,26.251617914878658,26.36973625653626,26.113814747467583,26.222087860107422,498700,0.154,0.0,smartcentres,yfinance,2026-07-14T18:50:27.103795
2026-04-01 00:00:00-04:00,26.30083165378379,26.615813258722785,26.30083165378379,26.596126556396484,346500,0.0,0.0,smartcentres,yfinance,2026-07-14T18:50:27.103795
2026-04-02 00:00:00-04:00,26.487852763233896,27.08828406922028,26.487852763233896,26.980009078979492,289300,0.0,0.0,smartcentres,yfinance,2026-07-14T18:50:27.103795
2026-04-06 00:00:00-04:00,26.861893135409883,27.107971298054117,26.852049783612827,26.911108016967773,311000,0.0,0.0,smartcentres,yfinance,2026-07-14T18:50:27.103795
2026-04-07 00:00:00-04:00,26.832362042114454,27.098126898072735,26.78314528503293,27.04891014099121,256000,0.0,0.0,smartcentres,yfinance,2026-07-14T18:50:27.103795
2026-04-08 00:00:00-04:00,27.157186881066686,27.413108402118286,27.157186881066686,27.324520111083984,228900,0.0,0.0,smartcentres,yfinance,2026-07-14T18:50:27.103795
2026-04-09 00:00:00-04:00,27.265462517719808,27.413109047108403,26.87173593611358,27.05875587463379,442600,0.0,0.0,smartcentres,yfinance,2026-07-14T18:50:27.103795
2026-04-10 00:00:00-04:00,27.117811632580057,27.31467490539164,27.117811632580057,27.20639991760254,357800,0.0,0.0,smartcentres,yfinance,2026-07-14T18:50:27.103795
2026-04-13 00:00:00-04:00,27.176872584687665,27.422950744628906,27.009539360830523,27.422950744628906,304100,0.0,0.0,smartcentres,yfinance,2026-07-14T18:50:27.103795
2026-04-14 00:00:00-04:00,27.482009787495684,27.747774658649455,27.38357814513198,27.63949966430664,290500,0.0,0.0,smartcentres,yfinance,2026-07-14T18:50:27.103795
2026-04-15 00:00:00-04:00,27.659185893443095,27.669029245253228,27.482009315715484,27.629655838012695,202900,0.0,0.0,smartcentres,yfinance,2026-07-14T18:50:27.103795
2026-04-16 00:00:00-04:00,27.619811347038635,28.36788915690817,27.541066413232752,27.96432113647461,547800,0.0,0.0,smartcentres,yfinance,2026-07-14T18:50:27.103795
2026-04-17 00:00:00-04:00,28.072595000202437,28.289143090139163,28.05290829818258,28.259613037109375,309600,0.0,0.0,smartcentres,yfinance,2026-07-14T18:50:27.103795
2026-04-20 00:00:00-04:00,28.141499148936887,28.230087438686407,27.856047575871226,27.954479217529297,370400,0.0,0.0,smartcentres,yfinance,2026-07-14T18:50:27.103795
2026-04-21 00:00:00-04:00,27.856047575871226,28.052910859187367,27.83636274948154,27.954479217529297,299900,0.0,0.0,smartcentres,yfinance,2026-07-14T18:50:27.103795
2026-04-22 00:00:00-04:00,27.964321761595478,28.09228345528259,27.590283787013036,27.698556900024414,342100,0.0,0.0,smartcentres,yfinance,2026-07-14T18:50:27.103795
2026-04-23 00:00:00-04:00,27.70839915449127,28.092282342924804,27.70839915449127,27.993850708007812,261700,0.0,0.0,smartcentres,yfinance,2026-07-14T18:50:27.103795
2026-04-24 00:00:00-04:00,28.052910859187367,28.08244091491301,27.915107687322514,27.954479217529297,173300,0.0,0.0,smartcentres,yfinance,2026-07-14T18:50:27.103795
2026-04-27 00:00:00-04:00,27.84620428266213,28.04306567569319,27.787144175068253,27.836360931396484,255500,0.0,0.0,smartcentres,yfinance,2026-07-14T18:50:27.103795
2026-04-28 00:00:00-04:00,27.836361842363576,28.013536538661523,27.80683178760024,27.89542007446289,214400,0.0,0.0,smartcentres,yfinance,2026-07-14T18:50:27.103795
2026-04-29 00:00:00-04:00,27.84620380729776,27.964320265614564,27.74777217374892,27.82651710510254,260600,0.0,0.0,smartcentres,yfinance,2026-07-14T18:50:27.103795
2026-04-30 00:00:00-04:00,27.978933543312433,28.107594237365454,27.86016822843141,27.9195499420166,366100,0.154,0.0,smartcentres,yfinance,2026-07-14T18:50:27.103795
2026-05-01 00:00:00-04:00,27.91954931446383,28.12738813890633,27.91954931446383,28.087799072265625,151200,0.0,0.0,smartcentres,yfinance,2026-07-14T18:50:27.103795
2026-05-04 00:00:00-04:00,28.058107410085878,28.25604706781263,27.860165864648643,28.04821014404297,308800,0.0,0.0,smartcentres,yfinance,2026-07-14T18:50:27.103795
2026-05-05 00:00:00-04:00,28.048209631477295,28.27584108317294,28.008620568029126,28.186767578125,188300,0.0,0.0,smartcentres,yfinance,2026-07-14T18:50:27.103795
2026-05-06 00:00:00-04:00,28.3154313356566,28.493578353233314,28.295636803101292,28.38471031188965,253100,0.0,0.0,smartcentres,yfinance,2026-07-14T18:50:27.103795
2026-05-07 00:00:00-04:00,28.3253296269435,28.424298517880377,27.93934377898944,28.107593536376953,419600,0.0,0.0,smartcentres,yfinance,2026-07-14T18:50:27.103795
2026-05-08 00:00:00-04:00,28.25604853265574,28.39460837672918,28.058108864667442,28.166975021362305,302600,0.0,0.0,smartcentres,yfinance,2026-07-14T18:50:27.103795
2026-05-11 00:00:00-04:00,28.117488861083984,28.275841340899113,28.03831262117642,28.117488861083984,246500,0.0,0.0,smartcentres,yfinance,2026-07-14T18:50:27.103795
2026-05-12 00:00:00-04:00,28.127388665983855,28.206564913038342,27.919549837646674,27.949241638183594,233400,0.0,0.0,smartcentres,yfinance,2026-07-14T18:50:27.103795
2026-05-13 00:00:00-04:00,27.959136148520695,28.03831238776915,27.56325495227842,27.6622257232666,258600,0.0,0.0,smartcentres,yfinance,2026-07-14T18:50:27.103795
2026-05-14 00:00:00-04:00,27.830478613641915,28.04821282426063,27.771095011709907,27.840373992919922,294200,0.0,0.0,smartcentres,yfinance,2026-07-14T18:50:27.103795
2026-05-15 00:00:00-04:00,27.879961307917732,27.899755840650485,27.612740779157207,27.800785064697266,185900,0.0,0.0,smartcentres,yfinance,2026-07-14T18:50:27.103795
2026-05-19 00:00:00-04:00,28.127387076280236,28.157078875139035,27.761195774530478,27.860166549682617,318100,0.0,0.0,smartcentres,yfinance,2026-07-14T18:50:27.103795
2026-05-20 00:00:00-04:00,27.860166881850834,28.404505207822318,27.860166881850834,28.28573989868164,312100,0.0,0.0,smartcentres,yfinance,2026-07-14T18:50:27.103795
2026-05-21 00:00:00-04:00,28.226357145733186,28.66182552517843,28.206562613655546,28.57275390625,269400,0.0,0.0,smartcentres,yfinance,2026-07-14T18:50:27.103795
2026-05-22 00:00:00-04:00,28.651931345051583,28.859768277426962,28.53316603532954,28.76079750061035,219800,0.0,0.0,smartcentres,yfinance,2026-07-14T18:50:27.103795
2026-05-25 00:00:00-04:00,28.86966521444225,28.909252392090824,28.71131272842689,28.849870681762695,168000,0.0,0.0,smartcentres,yfinance,2026-07-14T18:50:27.103795
2026-05-26 00:00:00-04:00,28.899359048877127,28.948843496350722,28.632138502014097,28.82018280029297,252600,0.0,0.0,smartcentres,yfinance,2026-07-14T18:50:27.103795
2026-05-27 00:00:00-04:00,28.84987045688279,28.99832567540119,28.731107037152277,28.909252166748047,470900,0.0,0.0,smartcentres,yfinance,2026-07-14T18:50:27.103795
2026-05-28 00:00:00-04:00,28.849870750378,29.018120503133296,28.7410045958026,28.830076217651367,306000,0.0,0.0,smartcentres,yfinance,2026-07-14T18:50:27.103795
2026-05-29 00:00:00-04:00,28.893756061844122,29.07284799140255,28.645015056756936,28.834056854248047,322700,0.154,0.0,smartcentres,yfinance,2026-07-14T18:50:27.103795
2026-06-01 00:00:00-04:00,28.7047125904601,28.7047125904601,28.43607184741259,28.56541633605957,357800,0.0,0.0,smartcentres,yfinance,2026-07-14T18:50:27.103795
2026-06-02 00:00:00-04:00,28.565414959950367,28.963402070215512,28.565414959950367,28.79425811767578,305200,0.0,0.0,smartcentres,yfinance,2026-07-14T18:50:27.103795
2026-06-03 00:00:00-04:00,28.804209062871585,28.993250859802732,28.67486267787316,28.684812545776367,214500,0.0,0.0,smartcentres,yfinance,2026-07-14T18:50:27.103795
2026-06-04 00:00:00-04:00,28.873855160180174,28.903702865029828,28.605214430074156,28.79425811767578,230800,0.0,0.0,smartcentres,yfinance,2026-07-14T18:50:27.103795
2026-06-05 00:00:00-04:00,28.794258939098984,29.152444691715235,28.70471202650911,28.903703689575195,515900,0.0,0.0,smartcentres,yfinance,2026-07-14T18:50:27.103795
2026-06-08 00:00:00-04:00,28.794258609123602,29.013150005310827,28.754459138320534,28.973352432250977,412000,0.0,0.0,smartcentres,yfinance,2026-07-14T18:50:27.103795
2026-06-09 00:00:00-04:00,29.003199613031384,29.540481072695737,29.003199613031384,29.361387252807617,298200,0.0,0.0,smartcentres,yfinance,2026-07-14T18:50:27.103795
2026-06-10 00:00:00-04:00,29.4708350140719,29.580279765459863,29.21214414196199,29.30169105529785,227100,0.0,0.0,smartcentres,yfinance,2026-07-14T18:50:27.103795
2026-06-11 00:00:00-04:00,29.401185317502062,29.649926316458064,29.3315381414333,29.540481567382812,216800,0.0,0.0,smartcentres,yfinance,2026-07-14T18:50:27.103795
2026-06-12 00:00:00-04:00,29.59022893443902,30.107610666438326,29.59022893443902,30.057861328125,436900,0.0,0.0,smartcentres,yfinance,2026-07-14T18:50:27.103795
2026-06-15 00:00:00-04:00,30.028013937917084,30.17725815893642,29.719575628111357,29.938467025756836,338100,0.0,0.0,smartcentres,yfinance,2026-07-14T18:50:27.103795
2026-06-16 00:00:00-04:00,30.01806484199117,30.28670558537935,29.878770485157272,29.94841766357422,326600,0.0,0.0,smartcentres,yfinance,2026-07-14T18:50:27.103795
2026-06-17 00:00:00-04:00,29.99816418411276,29.99816418411276,29.600178964143506,29.689725875854492,308100,0.0,0.0,smartcentres,yfinance,2026-07-14T18:50:27.103795
2026-06-18 00:00:00-04:00,29.719575992916724,30.01806443861932,29.719575992916724,29.918567657470703,295200,0.0,0.0,smartcentres,yfinance,2026-07-14T18:50:27.103795
2026-06-19 00:00:00-04:00,29.86881920764295,30.14740790816431,29.86881920764295,30.12751007080078,715500,0.0,0.0,smartcentres,yfinance,2026-07-14T18:50:27.103795
2026-06-22 00:00:00-04:00,30.047913647364002,30.117560823929676,29.7892227788749,29.88871955871582,314600,0.0,0.0,smartcentres,yfinance,2026-07-14T18:50:27.103795
2026-06-23 00:00:00-04:00,29.87876888395718,30.19715705265414,29.759372371824227,29.82901954650879,520400,0.0,0.0,smartcentres,yfinance,2026-07-14T18:50:27.103795
2026-06-24 00:00:00-04:00,29.958366909117455,30.20710791129148,29.78922295172939,30.18720817565918,282100,0.0,0.0,smartcentres,yfinance,2026-07-14T18:50:27.103795
2026-06-25 00:00:00-04:00,30.207107997637664,30.386201823353815,29.998164568387736,30.33645248413086,216800,0.0,0.0,smartcentres,yfinance,2026-07-14T18:50:27.103795
2026-06-26 00:00:00-04:00,30.505596563339683,30.744387699329938,30.346402472679515,30.535446166992188,322200,0.0,0.0,smartcentres,yfinance,2026-07-14T18:50:27.103795
2026-06-29 00:00:00-04:00,30.52549546612749,30.535445333740146,30.286704336653376,30.42599868774414,290800,0.0,0.0,smartcentres,yfinance,2026-07-14T18:50:27.103795
2026-06-30 00:00:00-04:00,30.549999237060547,30.649999618530273,30.309999465942383,30.309999465942383,393900,0.154,0.0,smartcentres,yfinance,2026-07-14T18:50:27.103795
2026-07-02 00:00:00-04:00,30.309999465942383,30.6200008392334,30.1200008392334,30.540000915527344,352200,0.0,0.0,smartcentres,yfinance,2026-07-14T18:50:27.103795
2026-07-03 00:00:00-04:00,30.520000457763672,30.6200008392334,30.350000381469727,30.440000534057617,141000,0.0,0.0,smartcentres,yfinance,2026-07-14T18:50:27.103795
2026-07-06 00:00:00-04:00,30.350000381469727,30.520000457763672,30.299999237060547,30.389999389648438,275800,0.0,0.0,smartcentres,yfinance,2026-07-14T18:50:27.103795
